{
  "type": "FeatureCollection",
  "generator": "overpass-turbo",
  "copyright": "The data included in this document is from www.openstreetmap.org. The data is made available under ODbL.",
  "timestamp": "2026-05-09T12:39:00Z",
  "features": [
    {
      "type": "Feature",
      "properties": {
        "@id": "relation/18961046",
        "amenity": "library",
        "building": "yes",
        "type": "multipolygon"
      },
      "geometry": {
        "type": "Polygon",
        "coordinates": [
          [
            [
              116.35157,
              39.961789
            ],
            [
              116.3515856,
              39.9614458
            ],
            [
              116.3516035,
              39.9610513
            ],
            [
              116.3519268,
              39.9610599
            ],
            [
              116.3522754,
              39.9610692
            ],
            [
              116.3522611,
              39.9613849
            ],
            [
              116.3523315,
              39.9613868
            ],
            [
              116.3523251,
              39.9615282
            ],
            [
              116.3522505,
              39.9615262
            ],
            [
              116.3522377,
              39.9618068
            ],
            [
              116.351894,
              39.9617977
            ],
            [
              116.35157,
              39.961789
            ]
          ],
          [
            [
              116.3519282,
              39.9613433
            ],
            [
              116.3519343,
              39.9611774
            ],
            [
              116.3516989,
              39.9611723
            ],
            [
              116.3516936,
              39.9613173
            ],
            [
              116.3517816,
              39.9613192
            ],
            [
              116.3517808,
              39.9613401
            ],
            [
              116.3519282,
              39.9613433
            ]
          ],
          [
            [
              116.3516901,
              39.9615286
            ],
            [
              116.3516873,
              39.9616274
            ],
            [
              116.3519155,
              39.9616312
            ],
            [
              116.3519189,
              39.9615101
            ],
            [
              116.3517516,
              39.9615073
            ],
            [
              116.351751,
              39.9615296
            ],
            [
              116.3516901,
              39.9615286
            ]
          ]
        ]
      },
      "id": "relation/18961046"
    },
    {
      "type": "Feature",
      "properties": {
        "@id": "relation/18974411",
        "building": "dormitory",
        "name": "学生10号公寓",
        "type": "multipolygon"
      },
      "geometry": {
        "type": "Polygon",
        "coordinates": [
          [
            [
              116.3500479,
              39.9634777
            ],
            [
              116.3500598,
              39.9631966
            ],
            [
              116.3500708,
              39.9629361
            ],
            [
              116.3504566,
              39.9629454
            ],
            [
              116.3508289,
              39.9629549
            ],
            [
              116.3508162,
              39.9632527
            ],
            [
              116.3508059,
              39.9634966
            ],
            [
              116.3500479,
              39.9634777
            ]
          ],
          [
            [
              116.3502803,
              39.9633316
            ],
            [
              116.3506013,
              39.9633402
            ],
            [
              116.3506134,
              39.9630745
            ],
            [
              116.3502923,
              39.963066
            ],
            [
              116.3502803,
              39.9633316
            ]
          ]
        ]
      },
      "id": "relation/18974411"
    },
    {
      "type": "Feature",
      "properties": {
        "@id": "way/30784020",
        "addr:housenumber": "19",
        "addr:postcode": "100875",
        "addr:street": "新街口外大街",
        "amenity": "university",
        "int_name": "Beijing Normal University",
        "internet_access": "yes",
        "name": "北京师范大学",
        "name:en": "Beijing Normal University (BNU)",
        "name:zh": "北京师范大学",
        "website": "https://www.bnu.edu.cn",
        "wikidata": "Q1604022",
        "wikipedia": "zh:北京师范大学"
      },
      "geometry": {
        "type": "Polygon",
        "coordinates": [
          [
            [
              116.3552998,
              39.9568482
            ],
            [
              116.3602372,
              39.9568403
            ],
            [
              116.3602372,
              39.9568013
            ],
            [
              116.3605125,
              39.9568045
            ],
            [
              116.3640835,
              39.9568495
            ],
            [
              116.3642887,
              39.9568476
            ],
            [
              116.3644033,
              39.9568573
            ],
            [
              116.3644869,
              39.9569072
            ],
            [
              116.3645132,
              39.9569711
            ],
            [
              116.3644502,
              39.9576956
            ],
            [
              116.3642183,
              39.9605516
            ],
            [
              116.3641169,
              39.9614369
            ],
            [
              116.3632249,
              39.9614006
            ],
            [
              116.3631447,
              39.9630385
            ],
            [
              116.3630974,
              39.963853
            ],
            [
              116.3619198,
              39.9638251
            ],
            [
              116.3549964,
              39.9636552
            ],
            [
              116.3551218,
              39.9613076
            ],
            [
              116.3551409,
              39.9609494
            ],
            [
              116.355182,
              39.9589745
            ],
            [
              116.3552147,
              39.9579259
            ],
            [
              116.3552998,
              39.9568482
            ]
          ]
        ]
      },
      "id": "way/30784020"
    },
    {
      "type": "Feature",
      "properties": {
        "@id": "way/170476565",
        "amenity": "toilets",
        "building": "yes",
        "name": "西土城南(2)",
        "opening_hours": "Mo-Su 05:00-23:00; Apr-Oct Mo-Su 05:00-24:00",
        "operator": "海淀区环境卫生服务中心四队",
        "ref": "10810211030"
      },
      "geometry": {
        "type": "Polygon",
        "coordinates": [
          [
            [
              116.3479377,
              39.963581
            ],
            [
              116.3480132,
              39.963583
            ],
            [
              116.3480109,
              39.9636348
            ],
            [
              116.3479354,
              39.9636329
            ],
            [
              116.3479377,
              39.963581
            ]
          ]
        ]
      },
      "id": "way/170476565"
    },
    {
      "type": "Feature",
      "properties": {
        "@id": "way/172257581",
        "building": "yes",
        "name": "艺术楼",
        "name:zh": "艺术楼",
        "name:zh-Hans": "艺术楼",
        "name:zh-Hant": "藝術樓"
      },
      "geometry": {
        "type": "Polygon",
        "coordinates": [
          [
            [
              116.3559743,
              39.9609626
            ],
            [
              116.3561663,
              39.9609684
            ],
            [
              116.356346,
              39.9609739
            ],
            [
              116.3564193,
              39.9610415
            ],
            [
              116.3564212,
              39.9610433
            ],
            [
              116.3566166,
              39.9610493
            ],
            [
              116.3566034,
              39.9613045
            ],
            [
              116.3559576,
              39.9612848
            ],
            [
              116.3559743,
              39.9609626
            ]
          ]
        ]
      },
      "id": "way/172257581"
    },
    {
      "type": "Feature",
      "properties": {
        "@id": "way/172257585",
        "building": "yes",
        "name": "化学楼",
        "name:zh": "化学楼",
        "name:zh-Hans": "化学楼",
        "name:zh-Hant": "化學樓"
      },
      "geometry": {
        "type": "Polygon",
        "coordinates": [
          [
            [
              116.355785,
              39.9618551
            ],
            [
              116.3557891,
              39.9616687
            ],
            [
              116.3568466,
              39.9616822
            ],
            [
              116.3568426,
              39.9618686
            ],
            [
              116.355785,
              39.9618551
            ]
          ]
        ]
      },
      "id": "way/172257585"
    },
    {
      "type": "Feature",
      "properties": {
        "@id": "way/238564272",
        "amenity": "toilets",
        "building": "yes",
        "disused": "yes",
        "disused:amenity": "toilets",
        "wheelchair": "yes"
      },
      "geometry": {
        "type": "Polygon",
        "coordinates": [
          [
            [
              116.3480366,
              39.9598621
            ],
            [
              116.3481642,
              39.959866
            ],
            [
              116.3481602,
              39.9599422
            ],
            [
              116.3480327,
              39.9599383
            ],
            [
              116.3480366,
              39.9598621
            ]
          ]
        ]
      },
      "id": "way/238564272"
    },
    {
      "type": "Feature",
      "properties": {
        "@id": "way/253330141",
        "building": "university",
        "name": "教二楼",
        "name:zh": "教二楼",
        "name:zh-Hans": "教二楼",
        "name:zh-Hant": "教二樓"
      },
      "geometry": {
        "type": "Polygon",
        "coordinates": [
          [
            [
              116.3512855,
              39.9592947
            ],
            [
              116.3512889,
              39.9591342
            ],
            [
              116.3512924,
              39.9589701
            ],
            [
              116.3514905,
              39.9589725
            ],
            [
              116.3514892,
              39.9590302
            ],
            [
              116.352224,
              39.9590394
            ],
            [
              116.3522255,
              39.9589679
            ],
            [
              116.3524372,
              39.9589705
            ],
            [
              116.3524333,
              39.9591557
            ],
            [
              116.3524296,
              39.9593292
            ],
            [
              116.3522169,
              39.9593266
            ],
            [
              116.352219,
              39.9592259
            ],
            [
              116.3520431,
              39.9592237
            ],
            [
              116.3520425,
              39.9592507
            ],
            [
              116.3518626,
              39.9592485
            ],
            [
              116.3516747,
              39.9592462
            ],
            [
              116.3516753,
              39.9592167
            ],
            [
              116.3514703,
              39.9592142
            ],
            [
              116.3514686,
              39.9592969
            ],
            [
              116.3512855,
              39.9592947
            ]
          ]
        ]
      },
      "id": "way/253330141"
    },
    {
      "type": "Feature",
      "properties": {
        "@id": "way/265030101",
        "building": "house",
        "name": "学生发展中心",
        "name:zh": "学生发展中心",
        "name:zh-Hans": "学生发展中心",
        "name:zh-Hant": "學生發展中心"
      },
      "geometry": {
        "type": "Polygon",
        "coordinates": [
          [
            [
              116.3513663,
              39.9621654
            ],
            [
              116.3513716,
              39.9620417
            ],
            [
              116.3513744,
              39.9619768
            ],
            [
              116.351708,
              39.9619851
            ],
            [
              116.3520112,
              39.9619928
            ],
            [
              116.3520031,
              39.9621815
            ],
            [
              116.3513663,
              39.9621654
            ]
          ]
        ]
      },
      "id": "way/265030101"
    },
    {
      "type": "Feature",
      "properties": {
        "@id": "way/265030102",
        "amenity": "fast_food",
        "brand": "麦当劳",
        "brand:en": "McDonald's",
        "brand:wikidata": "Q38076",
        "brand:zh": "麦当劳",
        "building": "yes",
        "cuisine": "burger",
        "internet_access": "wlan",
        "internet_access:fee": "no",
        "name": "麦当劳",
        "name:en": "McDonald's",
        "name:zh": "麦当劳",
        "outdoor_seating": "yes",
        "takeaway": "yes"
      },
      "geometry": {
        "type": "Polygon",
        "coordinates": [
          [
            [
              116.3512779,
              39.9623802
            ],
            [
              116.351282,
              39.9622972
            ],
            [
              116.3512858,
              39.9622193
            ],
            [
              116.3513641,
              39.9622217
            ],
            [
              116.3514139,
              39.9622232
            ],
            [
              116.3514142,
              39.9622344
            ],
            [
              116.3514027,
              39.9623836
            ],
            [
              116.3512779,
              39.9623802
            ]
          ]
        ]
      },
      "id": "way/265030102"
    },
    {
      "type": "Feature",
      "properties": {
        "@id": "way/265030103",
        "building": "house",
        "name": "留学生2号公寓",
        "name:zh": "留学生2号公寓",
        "name:zh-Hans": "留学生2号公寓",
        "name:zh-Hant": "留學生2號公寓"
      },
      "geometry": {
        "type": "Polygon",
        "coordinates": [
          [
            [
              116.3489499,
              39.9628803
            ],
            [
              116.3489651,
              39.9622659
            ],
            [
              116.3491309,
              39.9622683
            ],
            [
              116.3491244,
              39.9625282
            ],
            [
              116.3491155,
              39.9628828
            ],
            [
              116.3489499,
              39.9628803
            ]
          ]
        ]
      },
      "id": "way/265030103"
    },
    {
      "type": "Feature",
      "properties": {
        "@id": "way/265030104",
        "building": "apartments",
        "name": "学生13号公寓",
        "name:zh": "学生13号公寓",
        "name:zh-Hans": "学生13号公寓",
        "name:zh-Hant": "學生13號公寓"
      },
      "geometry": {
        "type": "Polygon",
        "coordinates": [
          [
            [
              116.3489799,
              39.9621845
            ],
            [
              116.3490481,
              39.9611413
            ],
            [
              116.349189,
              39.9611467
            ],
            [
              116.349157,
              39.9616369
            ],
            [
              116.349121,
              39.9621899
            ],
            [
              116.3489799,
              39.9621845
            ]
          ]
        ]
      },
      "id": "way/265030104"
    },
    {
      "type": "Feature",
      "properties": {
        "@id": "way/265030105",
        "building": "dormitory",
        "name": "学生5号公寓",
        "name:zh": "学生5号公寓",
        "name:zh-Hans": "学生5号公寓",
        "name:zh-Hant": "學生5號公寓"
      },
      "geometry": {
        "type": "Polygon",
        "coordinates": [
          [
            [
              116.3492851,
              39.9622694
            ],
            [
              116.34929,
              39.9621003
            ],
            [
              116.3496211,
              39.962106
            ],
            [
              116.3499703,
              39.9621121
            ],
            [
              116.3499655,
              39.962281
            ],
            [
              116.3492851,
              39.9622694
            ]
          ]
        ]
      },
      "id": "way/265030105"
    },
    {
      "type": "Feature",
      "properties": {
        "@id": "way/265030106",
        "building": "dormitory",
        "name": "学生3号公寓",
        "name:zh": "学生3号公寓",
        "name:zh-Hans": "学生3号公寓",
        "name:zh-Hant": "學生3號公寓"
      },
      "geometry": {
        "type": "Polygon",
        "coordinates": [
          [
            [
              116.3493061,
              39.9616101
            ],
            [
              116.349312,
              39.9614448
            ],
            [
              116.349974,
              39.9614585
            ],
            [
              116.3499681,
              39.9616238
            ],
            [
              116.3496329,
              39.9616169
            ],
            [
              116.3493061,
              39.9616101
            ]
          ]
        ]
      },
      "id": "way/265030106"
    },
    {
      "type": "Feature",
      "properties": {
        "@id": "way/265030107",
        "building": "dormitory",
        "name": "学生8号公寓",
        "name:zh": "学生8号公寓",
        "name:zh-Hans": "学生8号公寓",
        "name:zh-Hant": "學生8號公寓"
      },
      "geometry": {
        "type": "Polygon",
        "coordinates": [
          [
            [
              116.3501361,
              39.962286
            ],
            [
              116.35014,
              39.9621225
            ],
            [
              116.3504198,
              39.9621265
            ],
            [
              116.3504205,
              39.9620956
            ],
            [
              116.3504901,
              39.9620966
            ],
            [
              116.3505572,
              39.9620976
            ],
            [
              116.3505566,
              39.9621234
            ],
            [
              116.3508271,
              39.9621272
            ],
            [
              116.350823,
              39.9622957
            ],
            [
              116.3501361,
              39.962286
            ]
          ]
        ]
      },
      "id": "way/265030107"
    },
    {
      "type": "Feature",
      "properties": {
        "@id": "way/265030108",
        "building": "dormitory",
        "name": "学生4号公寓",
        "name:zh": "学生4号公寓",
        "name:zh-Hans": "学生4号公寓",
        "name:zh-Hant": "學生4號公寓"
      },
      "geometry": {
        "type": "Polygon",
        "coordinates": [
          [
            [
              116.3501687,
              39.9616046
            ],
            [
              116.350175,
              39.9614691
            ],
            [
              116.3502631,
              39.9614715
            ],
            [
              116.350264,
              39.9614522
            ],
            [
              116.3503036,
              39.9614533
            ],
            [
              116.3503419,
              39.9614543
            ],
            [
              116.350341,
              39.9614734
            ],
            [
              116.3507149,
              39.9614835
            ],
            [
              116.3507158,
              39.9614647
            ],
            [
              116.3507553,
              39.9614658
            ],
            [
              116.3507862,
              39.9614666
            ],
            [
              116.3507853,
              39.9614842
            ],
            [
              116.350849,
              39.9614859
            ],
            [
              116.3508428,
              39.9616201
            ],
            [
              116.3505641,
              39.9616125
            ],
            [
              116.350563,
              39.9616362
            ],
            [
              116.3505012,
              39.9616345
            ],
            [
              116.3504308,
              39.9616325
            ],
            [
              116.3504317,
              39.9616118
            ],
            [
              116.3501687,
              39.9616046
            ]
          ]
        ]
      },
      "id": "way/265030108"
    },
    {
      "type": "Feature",
      "properties": {
        "@id": "way/265030109",
        "building": "dormitory",
        "name": "学生1号公寓",
        "name:zh": "学生1号公寓",
        "name:zh-Hans": "学生1号公寓",
        "name:zh-Hant": "學生1號公寓"
      },
      "geometry": {
        "type": "Polygon",
        "coordinates": [
          [
            [
              116.3493227,
              39.9611236
            ],
            [
              116.3493265,
              39.9610174
            ],
            [
              116.3495551,
              39.9610223
            ],
            [
              116.3495562,
              39.9609927
            ],
            [
              116.349676,
              39.9609952
            ],
            [
              116.3498021,
              39.9609979
            ],
            [
              116.3498009,
              39.9610293
            ],
            [
              116.3500084,
              39.9610337
            ],
            [
              116.3500044,
              39.9611414
            ],
            [
              116.3497979,
              39.961137
            ],
            [
              116.3497969,
              39.9611632
            ],
            [
              116.3495381,
              39.9611577
            ],
            [
              116.3495392,
              39.9611282
            ],
            [
              116.3493227,
              39.9611236
            ]
          ]
        ]
      },
      "id": "way/265030109"
    },
    {
      "type": "Feature",
      "properties": {
        "@id": "way/265030110",
        "building": "dormitory",
        "name": "学生2号公寓",
        "name:zh": "学生2号公寓",
        "name:zh-Hans": "学生2号公寓",
        "name:zh-Hant": "學生2號公寓"
      },
      "geometry": {
        "type": "Polygon",
        "coordinates": [
          [
            [
              116.3501947,
              39.9611402
            ],
            [
              116.3501986,
              39.9610396
            ],
            [
              116.3504245,
              39.9610449
            ],
            [
              116.3504257,
              39.9610158
            ],
            [
              116.3505417,
              39.9610185
            ],
            [
              116.3506586,
              39.9610212
            ],
            [
              116.3506574,
              39.9610507
            ],
            [
              116.3508711,
              39.9610557
            ],
            [
              116.3508673,
              39.9611515
            ],
            [
              116.3506509,
              39.9611465
            ],
            [
              116.3506497,
              39.9611747
            ],
            [
              116.3504048,
              39.961169
            ],
            [
              116.3504057,
              39.9611451
            ],
            [
              116.3501947,
              39.9611402
            ]
          ]
        ]
      },
      "id": "way/265030110"
    },
    {
      "type": "Feature",
      "properties": {
        "@id": "way/267948886",
        "building": "yes",
        "roof:colour": "red",
        "roof:shape": "hipped"
      },
      "geometry": {
        "type": "Polygon",
        "coordinates": [
          [
            [
              116.3555497,
              39.9633345
            ],
            [
              116.355555,
              39.9632413
            ],
            [
              116.3566392,
              39.9632776
            ],
            [
              116.3566339,
              39.9633708
            ],
            [
              116.3555497,
              39.9633345
            ]
          ]
        ]
      },
      "id": "way/267948886"
    },
    {
      "type": "Feature",
      "properties": {
        "@id": "way/267948887",
        "building": "yes",
        "roof:colour": "red",
        "roof:shape": "hipped"
      },
      "geometry": {
        "type": "Polygon",
        "coordinates": [
          [
            [
              116.3555251,
              39.9636365
            ],
            [
              116.3555296,
              39.9635421
            ],
            [
              116.356617,
              39.9635729
            ],
            [
              116.3566125,
              39.9636673
            ],
            [
              116.3555251,
              39.9636365
            ]
          ]
        ]
      },
      "id": "way/267948887"
    },
    {
      "type": "Feature",
      "properties": {
        "@id": "way/267948888",
        "building": "yes",
        "roof:colour": "red",
        "roof:shape": "hipped"
      },
      "geometry": {
        "type": "Polygon",
        "coordinates": [
          [
            [
              116.356727,
              39.9633509
            ],
            [
              116.3567332,
              39.9632538
            ],
            [
              116.3580117,
              39.9633019
            ],
            [
              116.3580055,
              39.9633989
            ],
            [
              116.356727,
              39.9633509
            ]
          ]
        ]
      },
      "id": "way/267948888"
    },
    {
      "type": "Feature",
      "properties": {
        "@id": "way/267948889",
        "building": "yes",
        "roof:colour": "red",
        "roof:shape": "hipped"
      },
      "geometry": {
        "type": "Polygon",
        "coordinates": [
          [
            [
              116.3568126,
              39.96368
            ],
            [
              116.3568178,
              39.9635853
            ],
            [
              116.3584653,
              39.963638
            ],
            [
              116.3584601,
              39.9637327
            ],
            [
              116.3568126,
              39.96368
            ]
          ]
        ]
      },
      "id": "way/267948889"
    },
    {
      "type": "Feature",
      "properties": {
        "@id": "way/267948892",
        "building": "yes",
        "name": "学10楼",
        "name:zh": "学10楼",
        "name:zh-Hans": "学10楼",
        "name:zh-Hant": "學10樓"
      },
      "geometry": {
        "type": "Polygon",
        "coordinates": [
          [
            [
              116.35544,
              39.9570135
            ],
            [
              116.3554395,
              39.9568716
            ],
            [
              116.356103,
              39.9568702
            ],
            [
              116.3561035,
              39.9570122
            ],
            [
              116.35544,
              39.9570135
            ]
          ]
        ]
      },
      "id": "way/267948892"
    },
    {
      "type": "Feature",
      "properties": {
        "@id": "way/267948893",
        "building": "yes",
        "name": "学11楼",
        "name:zh": "学11楼",
        "name:zh-Hans": "学11楼",
        "name:zh-Hant": "學11樓"
      },
      "geometry": {
        "type": "Polygon",
        "coordinates": [
          [
            [
              116.3561367,
              39.9570069
            ],
            [
              116.3561375,
              39.9568688
            ],
            [
              116.3567615,
              39.9568709
            ],
            [
              116.3567607,
              39.957009
            ],
            [
              116.3561367,
              39.9570069
            ]
          ]
        ]
      },
      "id": "way/267948893"
    },
    {
      "type": "Feature",
      "properties": {
        "@id": "way/279303636",
        "amenity": "university",
        "internet_access": "yes",
        "internet_access:fee": "no",
        "loc_name": "北京邮电大学(海淀校区)",
        "name": "北京邮电大学",
        "name:en": "Beijing University of Posts and Telecommunications",
        "name:zh": "北京邮电大学",
        "short_name": "北邮",
        "short_name:en": "BUPT",
        "website": "https://www.bupt.edu.cn/",
        "wikidata": "Q4881210",
        "wikipedia": "en:Beijing University of Posts and Telecommunications"
      },
      "geometry": {
        "type": "Polygon",
        "coordinates": [
          [
            [
              116.348867,
              39.9635348
            ],
            [
              116.3492089,
              39.9569191
            ],
            [
              116.3492105,
              39.9568877
            ],
            [
              116.3493067,
              39.9568109
            ],
            [
              116.3518341,
              39.9568143
            ],
            [
              116.3549128,
              39.9568086
            ],
            [
              116.3549669,
              39.9568616
            ],
            [
              116.3546855,
              39.9636959
            ],
            [
              116.348867,
              39.9635348
            ]
          ]
        ]
      },
      "id": "way/279303636"
    },
    {
      "type": "Feature",
      "properties": {
        "@id": "way/294110459",
        "building": "yes"
      },
      "geometry": {
        "type": "Polygon",
        "coordinates": [
          [
            [
              116.3551537,
              39.9615709
            ],
            [
              116.3551623,
              39.9613655
            ],
            [
              116.3554914,
              39.9613736
            ],
            [
              116.3554828,
              39.9615789
            ],
            [
              116.3551537,
              39.9615709
            ]
          ]
        ]
      },
      "id": "way/294110459"
    },
    {
      "type": "Feature",
      "properties": {
        "@id": "way/294110460",
        "building": "yes",
        "name": "励耘9号楼",
        "name:zh": "励耘9号楼",
        "name:zh-Hans": "励耘9号楼",
        "name:zh-Hant": "勵耘9號樓"
      },
      "geometry": {
        "type": "Polygon",
        "coordinates": [
          [
            [
              116.3551227,
              39.962261
            ],
            [
              116.3551358,
              39.9620434
            ],
            [
              116.3554734,
              39.9620553
            ],
            [
              116.3554603,
              39.962273
            ],
            [
              116.3551227,
              39.962261
            ]
          ]
        ]
      },
      "id": "way/294110460"
    },
    {
      "type": "Feature",
      "properties": {
        "@id": "way/294110461",
        "building": "yes"
      },
      "geometry": {
        "type": "Polygon",
        "coordinates": [
          [
            [
              116.3550716,
              39.9629413
            ],
            [
              116.3550892,
              39.9627165
            ],
            [
              116.355446,
              39.9627328
            ],
            [
              116.3554285,
              39.9629577
            ],
            [
              116.3550716,
              39.9629413
            ]
          ]
        ]
      },
      "id": "way/294110461"
    },
    {
      "type": "Feature",
      "properties": {
        "@id": "way/294110466",
        "building": "apartments"
      },
      "geometry": {
        "type": "Polygon",
        "coordinates": [
          [
            [
              116.3489588,
              39.9638837
            ],
            [
              116.3489629,
              39.9637481
            ],
            [
              116.3492663,
              39.9637535
            ],
            [
              116.3492622,
              39.9638892
            ],
            [
              116.3489588,
              39.9638837
            ]
          ]
        ]
      },
      "id": "way/294110466"
    },
    {
      "type": "Feature",
      "properties": {
        "@id": "way/294110467",
        "building": "apartments"
      },
      "geometry": {
        "type": "Polygon",
        "coordinates": [
          [
            [
              116.3496831,
              39.9638896
            ],
            [
              116.3496887,
              39.9637507
            ],
            [
              116.3499984,
              39.9637581
            ],
            [
              116.3499928,
              39.9638969
            ],
            [
              116.3496831,
              39.9638896
            ]
          ]
        ]
      },
      "id": "way/294110467"
    },
    {
      "type": "Feature",
      "properties": {
        "@id": "way/344373140",
        "amenity": "hospital",
        "healthcare": "hospital",
        "name": "校医院（北京邮电大学社区卫生服务中心）",
        "name:en": "BUPT Hospital",
        "name:zh": "校医院（北京邮电大学社区卫生服务中心）",
        "name:zh-Hans": "校医院（北京邮电大学社区卫生服务中心）",
        "name:zh-Hant": "校醫院（北京郵電大學社區衛生服務中心）"
      },
      "geometry": {
        "type": "Polygon",
        "coordinates": [
          [
            [
              116.3503551,
              39.9584871
            ],
            [
              116.3505666,
              39.9584924
            ],
            [
              116.3505688,
              39.9584417
            ],
            [
              116.3506911,
              39.9584448
            ],
            [
              116.3508139,
              39.958448
            ],
            [
              116.3508119,
              39.9584938
            ],
            [
              116.3509804,
              39.9584981
            ],
            [
              116.3509687,
              39.9587655
            ],
            [
              116.3508166,
              39.9587616
            ],
            [
              116.3508226,
              39.9586236
            ],
            [
              116.3504579,
              39.9586142
            ],
            [
              116.3504551,
              39.9586775
            ],
            [
              116.3506884,
              39.9586835
            ],
            [
              116.3506853,
              39.958756
            ],
            [
              116.3503439,
              39.9587473
            ],
            [
              116.3503551,
              39.9584871
            ]
          ]
        ]
      },
      "id": "way/344373140"
    },
    {
      "type": "Feature",
      "properties": {
        "@id": "way/344376258",
        "building": "yes",
        "name": "宏途书店",
        "name:zh": "宏途书店",
        "name:zh-Hans": "宏途书店",
        "name:zh-Hant": "宏途書店",
        "shop": "books"
      },
      "geometry": {
        "type": "Polygon",
        "coordinates": [
          [
            [
              116.3503833,
              39.9582815
            ],
            [
              116.3503949,
              39.9581839
            ],
            [
              116.3508011,
              39.9582004
            ],
            [
              116.3507893,
              39.9582986
            ],
            [
              116.3503833,
              39.9582815
            ]
          ]
        ]
      },
      "id": "way/344376258"
    },
    {
      "type": "Feature",
      "properties": {
        "@id": "way/344376259",
        "building": "university",
        "name": "南区教学楼"
      },
      "geometry": {
        "type": "Polygon",
        "coordinates": [
          [
            [
              116.3510287,
              39.9582097
            ],
            [
              116.3508011,
              39.9582004
            ],
            [
              116.3503949,
              39.9581839
            ],
            [
              116.3503536,
              39.9581822
            ],
            [
              116.3503993,
              39.9577263
            ],
            [
              116.3510595,
              39.9577461
            ],
            [
              116.3510287,
              39.9582097
            ]
          ]
        ]
      },
      "id": "way/344376259"
    },
    {
      "type": "Feature",
      "properties": {
        "@id": "way/344376260",
        "building": "apartments",
        "name": "7号楼",
        "name:zh": "7号楼",
        "name:zh-Hans": "7号楼",
        "name:zh-Hant": "7號樓"
      },
      "geometry": {
        "type": "Polygon",
        "coordinates": [
          [
            [
              116.3504527,
              39.9576404
            ],
            [
              116.3504622,
              39.9575119
            ],
            [
              116.3509671,
              39.9575338
            ],
            [
              116.3509576,
              39.9576622
            ],
            [
              116.3504527,
              39.9576404
            ]
          ]
        ]
      },
      "id": "way/344376260"
    },
    {
      "type": "Feature",
      "properties": {
        "@id": "way/344376261",
        "building": "apartments",
        "name": "9号楼",
        "name:zh": "9号楼",
        "name:zh-Hans": "9号楼",
        "name:zh-Hant": "9號樓"
      },
      "geometry": {
        "type": "Polygon",
        "coordinates": [
          [
            [
              116.35041,
              39.9572769
            ],
            [
              116.350406,
              39.9571727
            ],
            [
              116.3510401,
              39.9571939
            ],
            [
              116.3510407,
              39.9572944
            ],
            [
              116.35041,
              39.9572769
            ]
          ]
        ]
      },
      "id": "way/344376261"
    },
    {
      "type": "Feature",
      "properties": {
        "@id": "way/344376262",
        "building": "apartments",
        "name": "14号楼",
        "name:zh": "14号楼",
        "name:zh-Hans": "14号楼",
        "name:zh-Hant": "14號樓"
      },
      "geometry": {
        "type": "Polygon",
        "coordinates": [
          [
            [
              116.3494067,
              39.9585993
            ],
            [
              116.3494181,
              39.9584595
            ],
            [
              116.3501134,
              39.9584799
            ],
            [
              116.3501134,
              39.9586197
            ],
            [
              116.3494067,
              39.9585993
            ]
          ]
        ]
      },
      "id": "way/344376262"
    },
    {
      "type": "Feature",
      "properties": {
        "@id": "way/344376263",
        "building": "apartments"
      },
      "geometry": {
        "type": "Polygon",
        "coordinates": [
          [
            [
              116.3494907,
              39.9583485
            ],
            [
              116.3495019,
              39.9582205
            ],
            [
              116.350113,
              39.9582375
            ],
            [
              116.3501076,
              39.9583608
            ],
            [
              116.3494907,
              39.9583485
            ]
          ]
        ]
      },
      "id": "way/344376263"
    },
    {
      "type": "Feature",
      "properties": {
        "@id": "way/344376264",
        "building": "apartments",
        "name": "2号楼",
        "name:zh": "2号楼",
        "name:zh-Hans": "2号楼",
        "name:zh-Hant": "2號樓"
      },
      "geometry": {
        "type": "Polygon",
        "coordinates": [
          [
            [
              116.3495066,
              39.9580504
            ],
            [
              116.3495066,
              39.9579339
            ],
            [
              116.3501601,
              39.9579659
            ],
            [
              116.3501411,
              39.9580795
            ],
            [
              116.3495066,
              39.9580504
            ]
          ]
        ]
      },
      "id": "way/344376264"
    },
    {
      "type": "Feature",
      "properties": {
        "@id": "way/344376265",
        "building": "apartments",
        "name": "7号楼",
        "name:zh": "7号楼",
        "name:zh-Hans": "7号楼",
        "name:zh-Hant": "7號樓"
      },
      "geometry": {
        "type": "Polygon",
        "coordinates": [
          [
            [
              116.3495203,
              39.9576905
            ],
            [
              116.3495251,
              39.9575703
            ],
            [
              116.350162,
              39.9575979
            ],
            [
              116.3501586,
              39.9577079
            ],
            [
              116.3495203,
              39.9576905
            ]
          ]
        ]
      },
      "id": "way/344376265"
    },
    {
      "type": "Feature",
      "properties": {
        "@id": "way/344376266",
        "building": "apartments",
        "name": "8号楼",
        "name:zh": "8号楼",
        "name:zh-Hans": "8号楼",
        "name:zh-Hant": "8號樓"
      },
      "geometry": {
        "type": "Polygon",
        "coordinates": [
          [
            [
              116.3495209,
              39.9572682
            ],
            [
              116.3495198,
              39.9571472
            ],
            [
              116.3501734,
              39.9571663
            ],
            [
              116.3501706,
              39.9572856
            ],
            [
              116.3495209,
              39.9572682
            ]
          ]
        ]
      },
      "id": "way/344376266"
    },
    {
      "type": "Feature",
      "properties": {
        "@id": "way/344376267",
        "building": "apartments",
        "name": "4号楼",
        "name:zh": "4号楼",
        "name:zh-Hans": "4号楼",
        "name:zh-Hant": "4號樓"
      },
      "geometry": {
        "type": "Polygon",
        "coordinates": [
          [
            [
              116.3493012,
              39.9569242
            ],
            [
              116.3493006,
              39.9568255
            ],
            [
              116.3507486,
              39.9568199
            ],
            [
              116.3507492,
              39.9569188
            ],
            [
              116.3493012,
              39.9569242
            ]
          ]
        ]
      },
      "id": "way/344376267"
    },
    {
      "type": "Feature",
      "properties": {
        "@id": "way/344376268",
        "building": "apartments",
        "name": "10号楼",
        "name:zh": "10号楼",
        "name:zh-Hans": "10号楼",
        "name:zh-Hant": "10號樓"
      },
      "geometry": {
        "type": "Polygon",
        "coordinates": [
          [
            [
              116.3508542,
              39.9569298
            ],
            [
              116.3508537,
              39.9568268
            ],
            [
              116.3516849,
              39.9568241
            ],
            [
              116.3516855,
              39.956927
            ],
            [
              116.3508542,
              39.9569298
            ]
          ]
        ]
      },
      "id": "way/344376268"
    },
    {
      "type": "Feature",
      "properties": {
        "@id": "way/344376269",
        "building": "university",
        "name": "国际学院"
      },
      "geometry": {
        "type": "Polygon",
        "coordinates": [
          [
            [
              116.3491427,
              39.9589398
            ],
            [
              116.3491495,
              39.9585833
            ],
            [
              116.3493227,
              39.9585852
            ],
            [
              116.3493159,
              39.9589417
            ],
            [
              116.3492293,
              39.9589408
            ],
            [
              116.3491427,
              39.9589398
            ]
          ]
        ]
      },
      "id": "way/344376269"
    },
    {
      "type": "Feature",
      "properties": {
        "@id": "way/344376270",
        "building": "apartments",
        "name": "15号楼",
        "name:zh": "15号楼",
        "name:zh-Hans": "15号楼",
        "name:zh-Hant": "15號樓"
      },
      "geometry": {
        "type": "Polygon",
        "coordinates": [
          [
            [
              116.3491817,
              39.9584838
            ],
            [
              116.3492173,
              39.95801
            ],
            [
              116.3493217,
              39.9580146
            ],
            [
              116.3492859,
              39.9584884
            ],
            [
              116.3491817,
              39.9584838
            ]
          ]
        ]
      },
      "id": "way/344376270"
    },
    {
      "type": "Feature",
      "properties": {
        "@id": "way/344376271",
        "building": "apartments",
        "name": "16号楼",
        "name:zh": "16号楼",
        "name:zh-Hans": "16号楼",
        "name:zh-Hant": "16號樓"
      },
      "geometry": {
        "type": "Polygon",
        "coordinates": [
          [
            [
              116.3492044,
              39.9579405
            ],
            [
              116.3492299,
              39.9574917
            ],
            [
              116.349332,
              39.9574951
            ],
            [
              116.3493063,
              39.9579439
            ],
            [
              116.3492044,
              39.9579405
            ]
          ]
        ]
      },
      "id": "way/344376271"
    },
    {
      "type": "Feature",
      "properties": {
        "@id": "way/344376272",
        "building": "apartments",
        "name": "17号楼",
        "name:zh": "17号楼",
        "name:zh-Hans": "17号楼",
        "name:zh-Hant": "17號樓"
      },
      "geometry": {
        "type": "Polygon",
        "coordinates": [
          [
            [
              116.3492167,
              39.9574076
            ],
            [
              116.34922,
              39.9569513
            ],
            [
              116.3493266,
              39.9569518
            ],
            [
              116.3493232,
              39.9574081
            ],
            [
              116.3492167,
              39.9574076
            ]
          ]
        ]
      },
      "id": "way/344376272"
    },
    {
      "type": "Feature",
      "properties": {
        "@id": "way/344376663",
        "building": "apartments",
        "name": "1号楼",
        "name:zh": "1号楼",
        "name:zh-Hans": "1号楼",
        "name:zh-Hant": "1號樓"
      },
      "geometry": {
        "type": "Polygon",
        "coordinates": [
          [
            [
              116.3513166,
              39.9586696
            ],
            [
              116.3513224,
              39.9585518
            ],
            [
              116.3523525,
              39.9585813
            ],
            [
              116.3523468,
              39.9586991
            ],
            [
              116.3513166,
              39.9586696
            ]
          ]
        ]
      },
      "id": "way/344376663"
    },
    {
      "type": "Feature",
      "properties": {
        "@id": "way/344376664",
        "building": "apartments",
        "name": "2号楼",
        "name:zh": "2号楼",
        "name:zh-Hans": "2号楼",
        "name:zh-Hant": "2號樓"
      },
      "geometry": {
        "type": "Polygon",
        "coordinates": [
          [
            [
              116.3513587,
              39.9582892
            ],
            [
              116.3513698,
              39.9581668
            ],
            [
              116.3523952,
              39.9581981
            ],
            [
              116.3523915,
              39.9583205
            ],
            [
              116.3513587,
              39.9582892
            ]
          ]
        ]
      },
      "id": "way/344376664"
    },
    {
      "type": "Feature",
      "properties": {
        "@id": "way/344376665",
        "building": "apartments",
        "name": "4号楼",
        "name:zh": "4号楼",
        "name:zh-Hans": "4号楼",
        "name:zh-Hant": "4號樓"
      },
      "geometry": {
        "type": "Polygon",
        "coordinates": [
          [
            [
              116.351406,
              39.9578258
            ],
            [
              116.3514134,
              39.9575939
            ],
            [
              116.3515818,
              39.9575971
            ],
            [
              116.3515759,
              39.9577808
            ],
            [
              116.3522652,
              39.957794
            ],
            [
              116.3522712,
              39.9576106
            ],
            [
              116.3524394,
              39.9576138
            ],
            [
              116.3524315,
              39.9578536
            ],
            [
              116.3522797,
              39.9578506
            ],
            [
              116.3522763,
              39.9579562
            ],
            [
              116.3515328,
              39.957942
            ],
            [
              116.3515365,
              39.9578282
            ],
            [
              116.351406,
              39.9578258
            ]
          ]
        ]
      },
      "id": "way/344376665"
    },
    {
      "type": "Feature",
      "properties": {
        "@id": "way/344376666",
        "building": "apartments",
        "name": "5号楼",
        "name:zh": "5号楼",
        "name:zh-Hans": "5号楼",
        "name:zh-Hant": "5號樓"
      },
      "geometry": {
        "type": "Polygon",
        "coordinates": [
          [
            [
              116.351461,
              39.9574386
            ],
            [
              116.3514726,
              39.9572335
            ],
            [
              116.3515822,
              39.9572372
            ],
            [
              116.3515863,
              39.957166
            ],
            [
              116.3522695,
              39.9571889
            ],
            [
              116.3523061,
              39.9572299
            ],
            [
              116.3524374,
              39.9572342
            ],
            [
              116.3524241,
              39.9574707
            ],
            [
              116.3522994,
              39.9574665
            ],
            [
              116.3523089,
              39.9572974
            ],
            [
              116.3515771,
              39.9572732
            ],
            [
              116.3515676,
              39.9574422
            ],
            [
              116.351461,
              39.9574386
            ]
          ]
        ]
      },
      "id": "way/344376666"
    },
    {
      "type": "Feature",
      "properties": {
        "@id": "way/354562947",
        "building": "university",
        "building:levels": "12",
        "name": "科研楼",
        "name:zh": "科研楼",
        "name:zh-Hans": "科研楼",
        "name:zh-Hant": "科研樓"
      },
      "geometry": {
        "type": "Polygon",
        "coordinates": [
          [
            [
              116.3524852,
              39.9630319
            ],
            [
              116.3524982,
              39.9627404
            ],
            [
              116.3525384,
              39.9627415
            ],
            [
              116.3525533,
              39.9624053
            ],
            [
              116.3526977,
              39.9624091
            ],
            [
              116.3528313,
              39.9624126
            ],
            [
              116.3528175,
              39.9627233
            ],
            [
              116.3528467,
              39.9627241
            ],
            [
              116.3533112,
              39.9627362
            ],
            [
              116.3532986,
              39.9630194
            ],
            [
              116.3528537,
              39.9630078
            ],
            [
              116.3527631,
              39.9630055
            ],
            [
              116.3527616,
              39.9630392
            ],
            [
              116.352625,
              39.9630356
            ],
            [
              116.3524852,
              39.9630319
            ]
          ]
        ]
      },
      "id": "way/354562947"
    },
    {
      "type": "Feature",
      "properties": {
        "@id": "way/361446563",
        "building": "yes",
        "name": "学生活动中心",
        "name:zh": "学生活动中心",
        "name:zh-Hans": "学生活动中心",
        "name:zh-Hant": "學生活動中心"
      },
      "geometry": {
        "type": "Polygon",
        "coordinates": [
          [
            [
              116.3567249,
              39.9612731
            ],
            [
              116.3567405,
              39.9610216
            ],
            [
              116.3576119,
              39.9610534
            ],
            [
              116.3575963,
              39.9613049
            ],
            [
              116.3567249,
              39.9612731
            ]
          ]
        ]
      },
      "id": "way/361446563"
    },
    {
      "type": "Feature",
      "properties": {
        "@id": "way/363833971",
        "building": "university",
        "name": "教四楼",
        "name:zh": "教四楼",
        "name:zh-Hans": "教四楼",
        "name:zh-Hant": "教四樓"
      },
      "geometry": {
        "type": "Polygon",
        "coordinates": [
          [
            [
              116.3493864,
              39.960747
            ],
            [
              116.3493933,
              39.9605934
            ],
            [
              116.3494061,
              39.9604134
            ],
            [
              116.3496044,
              39.9604155
            ],
            [
              116.3496005,
              39.9605389
            ],
            [
              116.349697,
              39.9605414
            ],
            [
              116.3497005,
              39.9604648
            ],
            [
              116.350131,
              39.9604759
            ],
            [
              116.3505534,
              39.9604869
            ],
            [
              116.3505496,
              39.9605738
            ],
            [
              116.3506724,
              39.9605769
            ],
            [
              116.3506821,
              39.9604447
            ],
            [
              116.3508866,
              39.9604489
            ],
            [
              116.3508771,
              39.9606175
            ],
            [
              116.3508695,
              39.9607878
            ],
            [
              116.3506381,
              39.9607818
            ],
            [
              116.3506432,
              39.9606679
            ],
            [
              116.3501108,
              39.960654
            ],
            [
              116.3495784,
              39.96064
            ],
            [
              116.3495733,
              39.9607519
            ],
            [
              116.3493864,
              39.960747
            ]
          ]
        ]
      },
      "id": "way/363833971"
    },
    {
      "type": "Feature",
      "properties": {
        "@id": "way/399008788",
        "building": "yes",
        "name": "中国邮政储蓄银行（鸿通楼）",
        "name:zh": "中国邮政储蓄银行（鸿通楼）",
        "name:zh-Hans": "中国邮政储蓄银行（鸿通楼）",
        "name:zh-Hant": "中國郵政儲蓄銀行（鴻通樓）"
      },
      "geometry": {
        "type": "Polygon",
        "coordinates": [
          [
            [
              116.3490584,
              39.9608347
            ],
            [
              116.349094,
              39.9603508
            ],
            [
              116.3491678,
              39.960354
            ],
            [
              116.3491957,
              39.9603552
            ],
            [
              116.3492385,
              39.960357
            ],
            [
              116.3492031,
              39.960841
            ],
            [
              116.3491333,
              39.960838
            ],
            [
              116.3490584,
              39.9608347
            ]
          ]
        ]
      },
      "id": "way/399008788"
    },
    {
      "type": "Feature",
      "properties": {
        "@id": "way/399008789",
        "building": "university",
        "name": "未来学习大楼",
        "opening_date": "2025-10-18"
      },
      "geometry": {
        "type": "Polygon",
        "coordinates": [
          [
            [
              116.3520945,
              39.9601781
            ],
            [
              116.3519883,
              39.960246
            ],
            [
              116.3519059,
              39.9601702
            ],
            [
              116.3519978,
              39.9601115
            ],
            [
              116.35201,
              39.9599328
            ],
            [
              116.3520213,
              39.9597677
            ],
            [
              116.351927,
              39.9596983
            ],
            [
              116.3520233,
              39.9596216
            ],
            [
              116.3521032,
              39.9596805
            ],
            [
              116.3522866,
              39.9596837
            ],
            [
              116.3523783,
              39.959611
            ],
            [
              116.3524775,
              39.9596845
            ],
            [
              116.3523826,
              39.9597598
            ],
            [
              116.3523815,
              39.9599277
            ],
            [
              116.3523803,
              39.9601016
            ],
            [
              116.3524737,
              39.9601865
            ],
            [
              116.3523744,
              39.9602506
            ],
            [
              116.3523003,
              39.9601832
            ],
            [
              116.3521429,
              39.9601793
            ],
            [
              116.3520945,
              39.9601781
            ]
          ]
        ]
      },
      "id": "way/399008789"
    },
    {
      "type": "Feature",
      "properties": {
        "@id": "way/399008979",
        "building": "university",
        "name": "教一楼",
        "name:zh": "教一楼",
        "name:zh-Hans": "教一楼",
        "name:zh-Hant": "教一樓"
      },
      "geometry": {
        "type": "Polygon",
        "coordinates": [
          [
            [
              116.3512379,
              39.960461
            ],
            [
              116.3513692,
              39.9604649
            ],
            [
              116.3513672,
              39.9605036
            ],
            [
              116.351622,
              39.9605112
            ],
            [
              116.3516242,
              39.9604683
            ],
            [
              116.3519899,
              39.9604794
            ],
            [
              116.3519881,
              39.9605143
            ],
            [
              116.3522239,
              39.9605214
            ],
            [
              116.3522258,
              39.9604839
            ],
            [
              116.352367,
              39.9604881
            ],
            [
              116.3523621,
              39.9605844
            ],
            [
              116.3523541,
              39.9607408
            ],
            [
              116.3522162,
              39.9607367
            ],
            [
              116.3522209,
              39.9606448
            ],
            [
              116.3518974,
              39.9606356
            ],
            [
              116.3517068,
              39.9606291
            ],
            [
              116.3513616,
              39.9606192
            ],
            [
              116.3513589,
              39.9606726
            ],
            [
              116.3512273,
              39.9606686
            ],
            [
              116.351233,
              39.9605565
            ],
            [
              116.3512379,
              39.960461
            ]
          ]
        ]
      },
      "id": "way/399008979"
    },
    {
      "type": "Feature",
      "properties": {
        "@id": "way/399008980",
        "building": "yes",
        "name": "行政办公楼",
        "name:zh": "行政办公楼",
        "name:zh-Hans": "行政办公楼",
        "name:zh-Hant": "行政辦公樓"
      },
      "geometry": {
        "type": "Polygon",
        "coordinates": [
          [
            [
              116.3516943,
              39.9608422
            ],
            [
              116.3517068,
              39.9606291
            ],
            [
              116.3518974,
              39.9606356
            ],
            [
              116.3518848,
              39.9608488
            ],
            [
              116.3517835,
              39.9608453
            ],
            [
              116.3516943,
              39.9608422
            ]
          ]
        ]
      },
      "id": "way/399008980"
    },
    {
      "type": "Feature",
      "properties": {
        "@id": "way/399008981",
        "building": "yes",
        "name": "财务处",
        "name:zh": "财务处",
        "name:zh-Hans": "财务处",
        "name:zh-Hant": "財務處"
      },
      "geometry": {
        "type": "Polygon",
        "coordinates": [
          [
            [
              116.3512108,
              39.9608446
            ],
            [
              116.3512149,
              39.9607731
            ],
            [
              116.3516392,
              39.9607885
            ],
            [
              116.3516344,
              39.9608599
            ],
            [
              116.3512108,
              39.9608446
            ]
          ]
        ]
      },
      "id": "way/399008981"
    },
    {
      "type": "Feature",
      "properties": {
        "@id": "way/399008982",
        "building": "yes",
        "name": "后勤处",
        "name:zh": "后勤处",
        "name:zh-Hans": "后勤处",
        "name:zh-Hant": "後勤處"
      },
      "geometry": {
        "type": "Polygon",
        "coordinates": [
          [
            [
              116.3512149,
              39.9607731
            ],
            [
              116.3512173,
              39.9607341
            ],
            [
              116.3513421,
              39.9607386
            ],
            [
              116.3513439,
              39.9607104
            ],
            [
              116.3514091,
              39.9607128
            ],
            [
              116.3514076,
              39.9607373
            ],
            [
              116.3516418,
              39.9607459
            ],
            [
              116.3516392,
              39.9607885
            ],
            [
              116.3512149,
              39.9607731
            ]
          ]
        ]
      },
      "id": "way/399008982"
    },
    {
      "type": "Feature",
      "properties": {
        "@id": "way/399009424",
        "building": "university",
        "leisure": "stadium",
        "name": "北邮体育馆",
        "name:zh": "北邮体育馆",
        "name:zh-Hans": "北邮体育馆",
        "name:zh-Hant": "北郵體育館"
      },
      "geometry": {
        "type": "Polygon",
        "coordinates": [
          [
            [
              116.3533064,
              39.960764
            ],
            [
              116.3532609,
              39.9607611
            ],
            [
              116.3532306,
              39.9607146
            ],
            [
              116.3532139,
              39.960664
            ],
            [
              116.3532075,
              39.960615
            ],
            [
              116.3532077,
              39.9605877
            ],
            [
              116.3532079,
              39.9605637
            ],
            [
              116.3532193,
              39.9605086
            ],
            [
              116.3532382,
              39.9604737
            ],
            [
              116.3532647,
              39.9604447
            ],
            [
              116.3533177,
              39.9604302
            ],
            [
              116.3533215,
              39.960375
            ],
            [
              116.3536336,
              39.9603821
            ],
            [
              116.3536363,
              39.9604373
            ],
            [
              116.3536903,
              39.9604371
            ],
            [
              116.3537435,
              39.9604369
            ],
            [
              116.3537494,
              39.9603344
            ],
            [
              116.3539796,
              39.9603359
            ],
            [
              116.3541925,
              39.9603373
            ],
            [
              116.3541918,
              39.9604766
            ],
            [
              116.3543099,
              39.9604824
            ],
            [
              116.3543288,
              39.9601718
            ],
            [
              116.3546962,
              39.9601806
            ],
            [
              116.3546734,
              39.9608827
            ],
            [
              116.3544514,
              39.9608777
            ],
            [
              116.3542985,
              39.9608743
            ],
            [
              116.3543012,
              39.9607972
            ],
            [
              116.3541675,
              39.9607918
            ],
            [
              116.3541584,
              39.9608685
            ],
            [
              116.3539464,
              39.9608657
            ],
            [
              116.3537267,
              39.9608627
            ],
            [
              116.3537267,
              39.9607669
            ],
            [
              116.3536647,
              39.9607665
            ],
            [
              116.3536092,
              39.9607661
            ],
            [
              116.3536055,
              39.9608075
            ],
            [
              116.3533139,
              39.9607988
            ],
            [
              116.3533064,
              39.960764
            ]
          ]
        ]
      },
      "id": "way/399009424"
    },
    {
      "type": "Feature",
      "properties": {
        "@id": "way/399009425",
        "building": "university",
        "name": "可信网络通信协同创新中心（创新楼）",
        "name:zh": "可信网络通信协同创新中心（创新楼）",
        "name:zh-Hans": "可信网络通信协同创新中心（创新楼）",
        "name:zh-Hant": "可信網路通信協同創新中心"
      },
      "geometry": {
        "type": "Polygon",
        "coordinates": [
          [
            [
              116.3525058,
              39.9590934
            ],
            [
              116.352508,
              39.9589081
            ],
            [
              116.3528077,
              39.9589102
            ],
            [
              116.353086,
              39.9589121
            ],
            [
              116.3530838,
              39.9591013
            ],
            [
              116.352854,
              39.9590997
            ],
            [
              116.3528534,
              39.9591533
            ],
            [
              116.3526726,
              39.9591521
            ],
            [
              116.3526733,
              39.9590946
            ],
            [
              116.3525058,
              39.9590934
            ]
          ]
        ]
      },
      "id": "way/399009425"
    },
    {
      "type": "Feature",
      "properties": {
        "@id": "way/399009831",
        "building": "university",
        "name": "明光楼",
        "name:zh": "明光楼",
        "name:zh-Hans": "明光楼",
        "name:zh-Hant": "明光樓"
      },
      "geometry": {
        "type": "Polygon",
        "coordinates": [
          [
            [
              116.3546819,
              39.9573864
            ],
            [
              116.3546845,
              39.9569117
            ],
            [
              116.3549069,
              39.9569125
            ],
            [
              116.3549043,
              39.9573872
            ],
            [
              116.3546819,
              39.9573864
            ]
          ]
        ]
      },
      "id": "way/399009831"
    },
    {
      "type": "Feature",
      "properties": {
        "@id": "way/399010162",
        "building": "dormitory",
        "name": "留学生1号公寓",
        "name:zh": "留学生1号公寓",
        "name:zh-Hans": "留学生1号公寓",
        "name:zh-Hant": "留學生1號公寓"
      },
      "geometry": {
        "type": "Polygon",
        "coordinates": [
          [
            [
              116.3492615,
              39.9626373
            ],
            [
              116.3492658,
              39.9624806
            ],
            [
              116.349852,
              39.9624949
            ],
            [
              116.3499028,
              39.9625695
            ],
            [
              116.3498825,
              39.9625687
            ],
            [
              116.3498718,
              39.9627622
            ],
            [
              116.3497877,
              39.9627069
            ],
            [
              116.349705,
              39.9626525
            ],
            [
              116.349653,
              39.9626513
            ],
            [
              116.349632,
              39.9626738
            ],
            [
              116.3495804,
              39.9626724
            ],
            [
              116.3495356,
              39.962671
            ],
            [
              116.3495094,
              39.9626428
            ],
            [
              116.3492615,
              39.9626373
            ]
          ]
        ]
      },
      "id": "way/399010162"
    },
    {
      "type": "Feature",
      "properties": {
        "@id": "way/399013934",
        "amenity": "restaurant",
        "building": "yes",
        "fast_food": "cafeteria",
        "name": "综合食堂(新食堂)",
        "name:zh": "综合食堂",
        "name:zh-Hans": "综合食堂",
        "name:zh-Hant": "綜合食堂"
      },
      "geometry": {
        "type": "Polygon",
        "coordinates": [
          [
            [
              116.3501198,
              39.9627324
            ],
            [
              116.3501241,
              39.9626135
            ],
            [
              116.350097,
              39.9626129
            ],
            [
              116.3501007,
              39.9625095
            ],
            [
              116.3501219,
              39.96251
            ],
            [
              116.350124,
              39.9624509
            ],
            [
              116.3506889,
              39.9624627
            ],
            [
              116.3506862,
              39.9625393
            ],
            [
              116.3506844,
              39.962589
            ],
            [
              116.3506789,
              39.9627442
            ],
            [
              116.3501198,
              39.9627324
            ]
          ]
        ]
      },
      "id": "way/399013934"
    },
    {
      "type": "Feature",
      "properties": {
        "@id": "way/399013935",
        "building": "dormitory",
        "name": "学生9号公寓",
        "name:zh": "学生9号公寓",
        "name:zh-Hans": "学生9号公寓",
        "name:zh-Hant": "學生9號公寓"
      },
      "geometry": {
        "type": "Polygon",
        "coordinates": [
          [
            [
              116.3492479,
              39.9629813
            ],
            [
              116.3492497,
              39.9628583
            ],
            [
              116.3496833,
              39.962862
            ],
            [
              116.3497436,
              39.9628625
            ],
            [
              116.3497418,
              39.9629855
            ],
            [
              116.3492479,
              39.9629813
            ]
          ]
        ]
      },
      "id": "way/399013935"
    },
    {
      "type": "Feature",
      "properties": {
        "@id": "way/399013936",
        "building": "dormitory",
        "name": "学生11号公寓",
        "name:zh": "学生11号公寓",
        "name:zh-Hans": "学生11号公寓",
        "name:zh-Hant": "學生11號公寓"
      },
      "geometry": {
        "type": "Polygon",
        "coordinates": [
          [
            [
              116.3492127,
              39.9633853
            ],
            [
              116.349217,
              39.9632907
            ],
            [
              116.3497978,
              39.9633053
            ],
            [
              116.3498779,
              39.9633073
            ],
            [
              116.3498743,
              39.9633995
            ],
            [
              116.3492127,
              39.9633853
            ]
          ]
        ]
      },
      "id": "way/399013936"
    },
    {
      "type": "Feature",
      "properties": {
        "@id": "way/399015104",
        "building": "dormitory",
        "name": "学生6号公寓",
        "name:zh": "学生6号公寓",
        "name:zh-Hans": "学生6号公寓",
        "name:zh-Hant": "學生6號公寓"
      },
      "geometry": {
        "type": "Polygon",
        "coordinates": [
          [
            [
              116.3517378,
              39.9635258
            ],
            [
              116.3517544,
              39.963232
            ],
            [
              116.351765,
              39.9630445
            ],
            [
              116.3522441,
              39.9630604
            ],
            [
              116.3522367,
              39.9631909
            ],
            [
              116.3519602,
              39.9631816
            ],
            [
              116.3519546,
              39.9632792
            ],
            [
              116.3519477,
              39.9634019
            ],
            [
              116.3523927,
              39.9634168
            ],
            [
              116.3523853,
              39.9635474
            ],
            [
              116.3517378,
              39.9635258
            ]
          ]
        ]
      },
      "id": "way/399015104"
    },
    {
      "type": "Feature",
      "properties": {
        "@id": "way/399015106",
        "building": "yes",
        "name": "学生活动中心",
        "name:zh": "学生活动中心",
        "name:zh-Hans": "学生活动中心",
        "name:zh-Hant": "學生活動中心"
      },
      "geometry": {
        "type": "Polygon",
        "coordinates": [
          [
            [
              116.3510337,
              39.962952
            ],
            [
              116.3510382,
              39.9628285
            ],
            [
              116.3510461,
              39.9626094
            ],
            [
              116.3510497,
              39.9625109
            ],
            [
              116.3513214,
              39.962519
            ],
            [
              116.3513108,
              39.9629601
            ],
            [
              116.3510337,
              39.962952
            ]
          ]
        ]
      },
      "id": "way/399015106"
    },
    {
      "type": "Feature",
      "properties": {
        "@id": "way/399015107",
        "building": "university",
        "name": "经管楼",
        "name:zh": "经管楼",
        "name:zh-Hans": "经管楼",
        "name:zh-Hant": "經管樓"
      },
      "geometry": {
        "type": "Polygon",
        "coordinates": [
          [
            [
              116.3509467,
              39.963528
            ],
            [
              116.3509628,
              39.9630747
            ],
            [
              116.3510955,
              39.9630775
            ],
            [
              116.3515796,
              39.9630876
            ],
            [
              116.3515691,
              39.9633818
            ],
            [
              116.3511215,
              39.9633725
            ],
            [
              116.3511191,
              39.9634409
            ],
            [
              116.3509953,
              39.9634383
            ],
            [
              116.3509921,
              39.9635289
            ],
            [
              116.3509467,
              39.963528
            ]
          ]
        ]
      },
      "id": "way/399015107"
    },
    {
      "type": "Feature",
      "properties": {
        "@id": "way/399017728",
        "building": "yes",
        "name": "综合服务楼",
        "name:zh": "综合服务楼",
        "name:zh-Hans": "综合服务楼",
        "name:zh-Hant": "綜合服務樓"
      },
      "geometry": {
        "type": "Polygon",
        "coordinates": [
          [
            [
              116.3514335,
              39.9629447
            ],
            [
              116.3513634,
              39.9629431
            ],
            [
              116.3513653,
              39.9629055
            ],
            [
              116.3513687,
              39.9628065
            ],
            [
              116.3513778,
              39.9625722
            ],
            [
              116.3515131,
              39.9625753
            ],
            [
              116.3523489,
              39.9625944
            ],
            [
              116.3523331,
              39.9630001
            ],
            [
              116.3520647,
              39.962994
            ],
            [
              116.3520746,
              39.9627368
            ],
            [
              116.3515878,
              39.9627258
            ],
            [
              116.3515793,
              39.9629468
            ],
            [
              116.3514902,
              39.9629448
            ],
            [
              116.3514892,
              39.9629728
            ],
            [
              116.3514325,
              39.9629715
            ],
            [
              116.3514335,
              39.9629447
            ]
          ]
        ]
      },
      "id": "way/399017728"
    },
    {
      "type": "Feature",
      "properties": {
        "@id": "way/399017729",
        "building": "hotel",
        "name": "北邮科技酒店",
        "name:zh": "北邮科技酒店",
        "name:zh-Hans": "北邮科技酒店",
        "name:zh-Hant": "北郵科技飯店"
      },
      "geometry": {
        "type": "Polygon",
        "coordinates": [
          [
            [
              116.3489136,
              39.9634453
            ],
            [
              116.3489368,
              39.962927
            ],
            [
              116.349233,
              39.9629348
            ],
            [
              116.349223,
              39.9631567
            ],
            [
              116.349217,
              39.9632907
            ],
            [
              116.3492127,
              39.9633853
            ],
            [
              116.3492097,
              39.9634532
            ],
            [
              116.3490463,
              39.9634489
            ],
            [
              116.3489136,
              39.9634453
            ]
          ]
        ]
      },
      "id": "way/399017729"
    },
    {
      "type": "Feature",
      "properties": {
        "@id": "way/399018200",
        "amenity": "restaurant",
        "building": "yes",
        "fast_food": "cafeteria",
        "name": "北京邮电大学学生餐厅(老食堂)",
        "name:zh": "北京邮电大学学生餐厅",
        "name:zh-Hans": "北京邮电大学学生餐厅",
        "name:zh-Hant": "北京郵電大學學生餐廳"
      },
      "geometry": {
        "type": "Polygon",
        "coordinates": [
          [
            [
              116.3526024,
              39.9622443
            ],
            [
              116.3526165,
              39.9619543
            ],
            [
              116.3526263,
              39.961754
            ],
            [
              116.3528464,
              39.9617613
            ],
            [
              116.3533503,
              39.9617747
            ],
            [
              116.3533263,
              39.9622652
            ],
            [
              116.3526024,
              39.9622443
            ]
          ]
        ]
      },
      "id": "way/399018200"
    },
    {
      "type": "Feature",
      "properties": {
        "@id": "way/399018201",
        "building": "apartments",
        "name": "家属27号楼",
        "name:zh": "家属27号楼",
        "name:zh-Hans": "家属27号楼",
        "name:zh-Hant": "家屬27號樓"
      },
      "geometry": {
        "type": "Polygon",
        "coordinates": [
          [
            [
              116.3536517,
              39.9626955
            ],
            [
              116.3536587,
              39.9625001
            ],
            [
              116.3539546,
              39.9625064
            ],
            [
              116.3539509,
              39.9626084
            ],
            [
              116.3539476,
              39.9627018
            ],
            [
              116.3536517,
              39.9626955
            ]
          ]
        ]
      },
      "id": "way/399018201"
    },
    {
      "type": "Feature",
      "properties": {
        "@id": "way/399018202",
        "building": "apartments",
        "name": "家属28号楼",
        "name:zh": "家属28号楼",
        "name:zh-Hans": "家属28号楼",
        "name:zh-Hant": "家屬28號樓"
      },
      "geometry": {
        "type": "Polygon",
        "coordinates": [
          [
            [
              116.3536592,
              39.9619637
            ],
            [
              116.3536584,
              39.9617783
            ],
            [
              116.3539617,
              39.9617775
            ],
            [
              116.3539621,
              39.961872
            ],
            [
              116.3539625,
              39.9619629
            ],
            [
              116.3536592,
              39.9619637
            ]
          ]
        ]
      },
      "id": "way/399018202"
    },
    {
      "type": "Feature",
      "properties": {
        "@id": "way/399018593",
        "building": "dormitory",
        "name": "学生29号公寓",
        "name:zh": "学生29号公寓",
        "name:zh-Hans": "学生29号公寓",
        "name:zh-Hant": "學生29號公寓"
      },
      "geometry": {
        "type": "Polygon",
        "coordinates": [
          [
            [
              116.3543286,
              39.9616213
            ],
            [
              116.3543305,
              39.9615937
            ],
            [
              116.354285,
              39.961614
            ],
            [
              116.3542642,
              39.9615807
            ],
            [
              116.3543399,
              39.9615429
            ],
            [
              116.3543248,
              39.961511
            ],
            [
              116.3542699,
              39.9615284
            ],
            [
              116.3542434,
              39.9614834
            ],
            [
              116.3543267,
              39.9614529
            ],
            [
              116.3543172,
              39.9614225
            ],
            [
              116.3542755,
              39.9614413
            ],
            [
              116.3542434,
              39.9614007
            ],
            [
              116.354321,
              39.9613644
            ],
            [
              116.3543191,
              39.9613049
            ],
            [
              116.3542907,
              39.9613093
            ],
            [
              116.3543002,
              39.9612628
            ],
            [
              116.354454,
              39.9612658
            ],
            [
              116.3545955,
              39.9612686
            ],
            [
              116.3545842,
              39.9613731
            ],
            [
              116.3546429,
              39.9614094
            ],
            [
              116.3546145,
              39.96145
            ],
            [
              116.3545482,
              39.961421
            ],
            [
              116.3545501,
              39.9614617
            ],
            [
              116.3546353,
              39.9615023
            ],
            [
              116.354605,
              39.9615386
            ],
            [
              116.3545558,
              39.9615226
            ],
            [
              116.3545084,
              39.9615473
            ],
            [
              116.3546145,
              39.9615879
            ],
            [
              116.3545823,
              39.9616315
            ],
            [
              116.3545387,
              39.9616097
            ],
            [
              116.3545368,
              39.9616271
            ],
            [
              116.3543286,
              39.9616213
            ]
          ]
        ]
      },
      "id": "way/399018593"
    },
    {
      "type": "Feature",
      "properties": {
        "@id": "way/399018595",
        "building": "apartments",
        "name": "25号楼",
        "name:zh": "25号楼",
        "name:zh-Hans": "25号楼",
        "name:zh-Hant": "25號樓"
      },
      "geometry": {
        "type": "Polygon",
        "coordinates": [
          [
            [
              116.3541994,
              39.9630084
            ],
            [
              116.3542048,
              39.9628699
            ],
            [
              116.354312,
              39.9628723
            ],
            [
              116.35431,
              39.9629219
            ],
            [
              116.3543574,
              39.962923
            ],
            [
              116.3545141,
              39.9629266
            ],
            [
              116.3545088,
              39.9630607
            ],
            [
              116.3543847,
              39.9630578
            ],
            [
              116.3543858,
              39.9630292
            ],
            [
              116.3543051,
              39.9630273
            ],
            [
              116.3543058,
              39.9630108
            ],
            [
              116.3541994,
              39.9630084
            ]
          ]
        ]
      },
      "id": "way/399018595"
    },
    {
      "type": "Feature",
      "properties": {
        "@id": "way/399018596",
        "building": "apartments",
        "name": "26号楼",
        "name:zh": "26号楼",
        "name:zh-Hans": "26号楼",
        "name:zh-Hant": "26號樓"
      },
      "geometry": {
        "type": "Polygon",
        "coordinates": [
          [
            [
              116.3542222,
              39.9623695
            ],
            [
              116.3542239,
              39.9622328
            ],
            [
              116.3543464,
              39.9622337
            ],
            [
              116.3543458,
              39.9622793
            ],
            [
              116.3544009,
              39.9622797
            ],
            [
              116.3545614,
              39.9622809
            ],
            [
              116.3545595,
              39.9624248
            ],
            [
              116.3544186,
              39.9624237
            ],
            [
              116.3544192,
              39.962371
            ],
            [
              116.3542222,
              39.9623695
            ]
          ]
        ]
      },
      "id": "way/399018596"
    },
    {
      "type": "Feature",
      "properties": {
        "@id": "way/399038556",
        "building": "apartments",
        "name": "20号楼"
      },
      "geometry": {
        "type": "Polygon",
        "coordinates": [
          [
            [
              116.3526406,
              39.9578182
            ],
            [
              116.3526519,
              39.957633
            ],
            [
              116.353203,
              39.9576417
            ],
            [
              116.3531992,
              39.9578298
            ],
            [
              116.3526406,
              39.9578182
            ]
          ]
        ]
      },
      "id": "way/399038556"
    },
    {
      "type": "Feature",
      "properties": {
        "@id": "way/399038557",
        "building": "apartments",
        "name": "21号楼",
        "name:zh": "21号楼",
        "name:zh-Hans": "21号楼",
        "name:zh-Hant": "21號樓"
      },
      "geometry": {
        "type": "Polygon",
        "coordinates": [
          [
            [
              116.3526816,
              39.9573814
            ],
            [
              116.3526854,
              39.9572512
            ],
            [
              116.3530024,
              39.9572599
            ],
            [
              116.3529949,
              39.9573901
            ],
            [
              116.3526816,
              39.9573814
            ]
          ]
        ]
      },
      "id": "way/399038557"
    },
    {
      "type": "Feature",
      "properties": {
        "@id": "way/399038558",
        "building": "apartments",
        "name": "13号楼",
        "name:zh": "13号楼",
        "name:zh-Hans": "13号楼",
        "name:zh-Hant": "13號樓"
      },
      "geometry": {
        "type": "Polygon",
        "coordinates": [
          [
            [
              116.353031,
              39.9574937
            ],
            [
              116.353031,
              39.9574012
            ],
            [
              116.3533484,
              39.9573998
            ],
            [
              116.3536673,
              39.9573983
            ],
            [
              116.3536613,
              39.9574937
            ],
            [
              116.353031,
              39.9574937
            ]
          ]
        ]
      },
      "id": "way/399038558"
    },
    {
      "type": "Feature",
      "properties": {
        "@id": "way/399038559",
        "building": "apartments",
        "name": "北京交通大学附属中学分校"
      },
      "geometry": {
        "type": "Polygon",
        "coordinates": [
          [
            [
              116.3534115,
              39.9579651
            ],
            [
              116.3534128,
              39.9578236
            ],
            [
              116.35412,
              39.9578205
            ],
            [
              116.3542855,
              39.9578177
            ],
            [
              116.3542874,
              39.9579042
            ],
            [
              116.3544905,
              39.9579027
            ],
            [
              116.3544905,
              39.9580036
            ],
            [
              116.3542911,
              39.958008
            ],
            [
              116.3542893,
              39.9579532
            ],
            [
              116.3534115,
              39.9579651
            ]
          ]
        ]
      },
      "id": "way/399038559"
    },
    {
      "type": "Feature",
      "properties": {
        "@id": "way/399038560",
        "building": "apartments"
      },
      "geometry": {
        "type": "Polygon",
        "coordinates": [
          [
            [
              116.3534366,
              39.9582802
            ],
            [
              116.3534366,
              39.9581779
            ],
            [
              116.3538109,
              39.9581735
            ],
            [
              116.3538109,
              39.9582182
            ],
            [
              116.3547251,
              39.9582182
            ],
            [
              116.3547251,
              39.9583148
            ],
            [
              116.3538072,
              39.9583148
            ],
            [
              116.3538053,
              39.9582745
            ],
            [
              116.3534366,
              39.9582802
            ]
          ]
        ]
      },
      "id": "way/399038560"
    },
    {
      "type": "Feature",
      "properties": {
        "@id": "way/399038561",
        "building": "apartments",
        "name": "19号楼",
        "name:zh": "19号楼",
        "name:zh-Hans": "19号楼",
        "name:zh-Hant": "19號樓"
      },
      "geometry": {
        "type": "Polygon",
        "coordinates": [
          [
            [
              116.352515,
              39.9586829
            ],
            [
              116.3525194,
              39.9585837
            ],
            [
              116.3531839,
              39.9586011
            ],
            [
              116.3531821,
              39.9586419
            ],
            [
              116.3531795,
              39.9587001
            ],
            [
              116.352515,
              39.9586829
            ]
          ]
        ]
      },
      "id": "way/399038561"
    },
    {
      "type": "Feature",
      "properties": {
        "@id": "way/399038562",
        "amenity": "conference_centre",
        "building": "university",
        "name": "科学会堂",
        "name:zh": "科学会堂",
        "name:zh-Hans": "科学会堂",
        "name:zh-Hant": "科學會堂"
      },
      "geometry": {
        "type": "Polygon",
        "coordinates": [
          [
            [
              116.352617,
              39.960182
            ],
            [
              116.3525629,
              39.9601311
            ],
            [
              116.3526166,
              39.9600976
            ],
            [
              116.3526284,
              39.9596663
            ],
            [
              116.3526746,
              39.9596671
            ],
            [
              116.3531033,
              39.9596741
            ],
            [
              116.3530967,
              39.9600006
            ],
            [
              116.3530629,
              39.9600005
            ],
            [
              116.3530623,
              39.9600218
            ],
            [
              116.3530577,
              39.9601891
            ],
            [
              116.3528363,
              39.9601855
            ],
            [
              116.352617,
              39.960182
            ]
          ]
        ]
      },
      "id": "way/399038562"
    },
    {
      "type": "Feature",
      "properties": {
        "@id": "way/399041101",
        "building": "apartments",
        "name": "11号楼",
        "name:zh": "11号楼",
        "name:zh-Hans": "11号楼",
        "name:zh-Hant": "11號樓"
      },
      "geometry": {
        "type": "Polygon",
        "coordinates": [
          [
            [
              116.3518814,
              39.956939
            ],
            [
              116.351876,
              39.9568317
            ],
            [
              116.3526779,
              39.9568359
            ],
            [
              116.3526779,
              39.9569472
            ],
            [
              116.3518814,
              39.956939
            ]
          ]
        ]
      },
      "id": "way/399041101"
    },
    {
      "type": "Feature",
      "properties": {
        "@id": "way/399041102",
        "amenity": "childcare",
        "building": "yes",
        "name": "北京邮电大学幼儿园",
        "name:zh": "北京邮电大学幼儿园",
        "name:zh-Hans": "北京邮电大学幼儿园",
        "name:zh-Hant": "北京郵電大學幼儿園"
      },
      "geometry": {
        "type": "Polygon",
        "coordinates": [
          [
            [
              116.3528073,
              39.9582132
            ],
            [
              116.3528046,
              39.9580734
            ],
            [
              116.3530514,
              39.9580816
            ],
            [
              116.353046,
              39.9580446
            ],
            [
              116.3532767,
              39.9580507
            ],
            [
              116.3532659,
              39.9582091
            ],
            [
              116.3533491,
              39.958207
            ],
            [
              116.3533464,
              39.9582625
            ],
            [
              116.3532472,
              39.9582625
            ],
            [
              116.3532472,
              39.9583304
            ],
            [
              116.3530299,
              39.9583283
            ],
            [
              116.3530353,
              39.9582152
            ],
            [
              116.3528073,
              39.9582132
            ]
          ]
        ]
      },
      "id": "way/399041102"
    },
    {
      "type": "Feature",
      "properties": {
        "@id": "way/399041103",
        "building": "apartments"
      },
      "geometry": {
        "type": "Polygon",
        "coordinates": [
          [
            [
              116.3546688,
              39.9579753
            ],
            [
              116.3546878,
              39.9574336
            ],
            [
              116.354912,
              39.9574365
            ],
            [
              116.3548892,
              39.957984
            ],
            [
              116.3547806,
              39.9579797
            ],
            [
              116.3546688,
              39.9579753
            ]
          ]
        ]
      },
      "id": "way/399041103"
    },
    {
      "type": "Feature",
      "properties": {
        "@id": "way/399041104",
        "building": "house",
        "name": "北京交通大学附属中学分校"
      },
      "geometry": {
        "type": "Polygon",
        "coordinates": [
          [
            [
              116.3538119,
              39.9577485
            ],
            [
              116.3538145,
              39.957658
            ],
            [
              116.3538575,
              39.9576601
            ],
            [
              116.3538601,
              39.9575326
            ],
            [
              116.3540211,
              39.9575367
            ],
            [
              116.354013,
              39.9577526
            ],
            [
              116.3538119,
              39.9577485
            ]
          ]
        ]
      },
      "id": "way/399041104"
    },
    {
      "type": "Feature",
      "properties": {
        "@id": "way/399042378",
        "building": "apartments",
        "name": "23号楼",
        "name:zh": "23号楼",
        "name:zh-Hans": "23号楼",
        "name:zh-Hant": "23號樓"
      },
      "geometry": {
        "type": "Polygon",
        "coordinates": [
          [
            [
              116.3525242,
              39.9635591
            ],
            [
              116.3525285,
              39.9634267
            ],
            [
              116.352817,
              39.9634323
            ],
            [
              116.3531041,
              39.9634378
            ],
            [
              116.3530997,
              39.9635704
            ],
            [
              116.3525242,
              39.9635591
            ]
          ]
        ]
      },
      "id": "way/399042378"
    },
    {
      "type": "Feature",
      "properties": {
        "@id": "way/399042379",
        "building": "apartments",
        "name": "24号楼",
        "name:zh": "24号楼",
        "name:zh-Hans": "24号楼",
        "name:zh-Hant": "24號樓"
      },
      "geometry": {
        "type": "Polygon",
        "coordinates": [
          [
            [
              116.35318,
              39.9635748
            ],
            [
              116.3531874,
              39.9634308
            ],
            [
              116.3538204,
              39.9634499
            ],
            [
              116.3544868,
              39.9634701
            ],
            [
              116.3544793,
              39.9636144
            ],
            [
              116.35318,
              39.9635748
            ]
          ]
        ]
      },
      "id": "way/399042379"
    },
    {
      "type": "Feature",
      "properties": {
        "@id": "way/399046289",
        "building": "university",
        "name": "教三楼",
        "name:zh": "教三楼",
        "name:zh-Hans": "教三楼",
        "name:zh-Hant": "教三樓"
      },
      "geometry": {
        "type": "Polygon",
        "coordinates": [
          [
            [
              116.3495353,
              39.9592084
            ],
            [
              116.3495417,
              39.9590236
            ],
            [
              116.349546,
              39.9589
            ],
            [
              116.3495593,
              39.9588619
            ],
            [
              116.3495675,
              39.9588383
            ],
            [
              116.3504204,
              39.9588507
            ],
            [
              116.3503263,
              39.958906
            ],
            [
              116.3504118,
              39.9589942
            ],
            [
              116.3504082,
              39.9590548
            ],
            [
              116.3506145,
              39.9590615
            ],
            [
              116.3506228,
              39.9588869
            ],
            [
              116.3506243,
              39.9588548
            ],
            [
              116.350694,
              39.9588548
            ],
            [
              116.3507745,
              39.958863
            ],
            [
              116.3508335,
              39.9588877
            ],
            [
              116.3509193,
              39.9589452
            ],
            [
              116.3509514,
              39.9589658
            ],
            [
              116.3509472,
              39.9591149
            ],
            [
              116.3509419,
              39.9592668
            ],
            [
              116.3501983,
              39.9592577
            ],
            [
              116.3499964,
              39.9592514
            ],
            [
              116.3498838,
              39.9592966
            ],
            [
              116.3497874,
              39.9592166
            ],
            [
              116.3495353,
              39.9592084
            ]
          ]
        ]
      },
      "id": "way/399046289"
    },
    {
      "type": "Feature",
      "properties": {
        "@id": "way/399046290",
        "building": "house",
        "name": "保卫处"
      },
      "geometry": {
        "type": "Polygon",
        "coordinates": [
          [
            [
              116.3544072,
              39.9620826
            ],
            [
              116.3544143,
              39.9619075
            ],
            [
              116.3544222,
              39.9617136
            ],
            [
              116.3545884,
              39.9617175
            ],
            [
              116.3545734,
              39.9620865
            ],
            [
              116.3544072,
              39.9620826
            ]
          ]
        ]
      },
      "id": "way/399046290"
    },
    {
      "type": "Feature",
      "properties": {
        "@id": "way/399046291",
        "building": "house"
      },
      "geometry": {
        "type": "Polygon",
        "coordinates": [
          [
            [
              116.3533304,
              39.9569644
            ],
            [
              116.3533278,
              39.9568061
            ],
            [
              116.3539473,
              39.9568019
            ],
            [
              116.3539393,
              39.9569644
            ],
            [
              116.3533304,
              39.9569644
            ]
          ]
        ]
      },
      "id": "way/399046291"
    },
    {
      "type": "Feature",
      "properties": {
        "@id": "way/399046292",
        "building": "apartments",
        "name": "12号楼",
        "name:zh": "12号楼",
        "name:zh-Hans": "12号楼",
        "name:zh-Hant": "12號樓"
      },
      "geometry": {
        "type": "Polygon",
        "coordinates": [
          [
            [
              116.3530193,
              39.9571268
            ],
            [
              116.3530193,
              39.9568061
            ],
            [
              116.3532205,
              39.9568061
            ],
            [
              116.3532178,
              39.9570219
            ],
            [
              116.3536738,
              39.9570199
            ],
            [
              116.3536711,
              39.9571309
            ],
            [
              116.3530193,
              39.9571268
            ]
          ]
        ]
      },
      "id": "way/399046292"
    },
    {
      "type": "Feature",
      "properties": {
        "@id": "way/399046293",
        "building": "house"
      },
      "geometry": {
        "type": "Polygon",
        "coordinates": [
          [
            [
              116.3537301,
              39.9571165
            ],
            [
              116.3537301,
              39.9570117
            ],
            [
              116.3540788,
              39.9570096
            ],
            [
              116.3540788,
              39.9571165
            ],
            [
              116.3537301,
              39.9571165
            ]
          ]
        ]
      },
      "id": "way/399046293"
    },
    {
      "type": "Feature",
      "properties": {
        "@id": "way/435150375",
        "building": "apartments"
      },
      "geometry": {
        "type": "Polygon",
        "coordinates": [
          [
            [
              116.3469228,
              39.9576177
            ],
            [
              116.3468344,
              39.9576172
            ],
            [
              116.3468342,
              39.9576389
            ],
            [
              116.3467338,
              39.9576383
            ],
            [
              116.3467257,
              39.9576601
            ],
            [
              116.3466205,
              39.9576627
            ],
            [
              116.3466193,
              39.9576341
            ],
            [
              116.3465874,
              39.9576348
            ],
            [
              116.3465286,
              39.957635
            ],
            [
              116.3465285,
              39.9576099
            ],
            [
              116.3464208,
              39.9576101
            ],
            [
              116.3464205,
              39.9574806
            ],
            [
              116.3465544,
              39.9574804
            ],
            [
              116.3465543,
              39.9574378
            ],
            [
              116.3464241,
              39.9574378
            ],
            [
              116.3464241,
              39.9573185
            ],
            [
              116.3465423,
              39.9573185
            ],
            [
              116.3465424,
              39.9572484
            ],
            [
              116.3466403,
              39.9572485
            ],
            [
              116.3466401,
              39.9573204
            ],
            [
              116.3466975,
              39.9573206
            ],
            [
              116.3466977,
              39.9572662
            ],
            [
              116.3467696,
              39.9572665
            ],
            [
              116.3467692,
              39.9573306
            ],
            [
              116.3469187,
              39.9573312
            ],
            [
              116.3469179,
              39.9574348
            ],
            [
              116.3467811,
              39.9574342
            ],
            [
              116.3467805,
              39.9574928
            ],
            [
              116.3469239,
              39.9574936
            ],
            [
              116.3469228,
              39.9576177
            ]
          ]
        ]
      },
      "id": "way/435150375"
    },
    {
      "type": "Feature",
      "properties": {
        "@id": "way/435150377",
        "building": "commercial"
      },
      "geometry": {
        "type": "Polygon",
        "coordinates": [
          [
            [
              116.3465548,
              39.958029
            ],
            [
              116.3465664,
              39.9576746
            ],
            [
              116.346947,
              39.9576693
            ],
            [
              116.3469354,
              39.9580272
            ],
            [
              116.3465548,
              39.958029
            ]
          ]
        ]
      },
      "id": "way/435150377"
    },
    {
      "type": "Feature",
      "properties": {
        "@id": "way/435150379",
        "building": "yes",
        "name": "12号楼",
        "name:zh": "12号楼",
        "name:zh-Hans": "12号楼",
        "name:zh-Hant": "12號樓"
      },
      "geometry": {
        "type": "Polygon",
        "coordinates": [
          [
            [
              116.3464307,
              39.9588086
            ],
            [
              116.3464461,
              39.958615
            ],
            [
              116.3469853,
              39.9586339
            ],
            [
              116.3469822,
              39.9590708
            ],
            [
              116.3468066,
              39.9590613
            ],
            [
              116.3468128,
              39.9588063
            ],
            [
              116.3464307,
              39.9588086
            ]
          ]
        ]
      },
      "id": "way/435150379"
    },
    {
      "type": "Feature",
      "properties": {
        "@id": "way/435150380",
        "building": "commercial"
      },
      "geometry": {
        "type": "Polygon",
        "coordinates": [
          [
            [
              116.3466002,
              39.9591393
            ],
            [
              116.3466033,
              39.9590236
            ],
            [
              116.3467635,
              39.9590188
            ],
            [
              116.3467635,
              39.9590826
            ],
            [
              116.3469514,
              39.9590991
            ],
            [
              116.3469514,
              39.9591511
            ],
            [
              116.3466002,
              39.9591393
            ]
          ]
        ]
      },
      "id": "way/435150380"
    },
    {
      "type": "Feature",
      "properties": {
        "@id": "way/439527394",
        "building": "commercial",
        "name": "北发大厦A座",
        "name:zh": "北发大厦A座",
        "name:zh-Hans": "北发大厦A座",
        "name:zh-Hant": "北發塔樓A座"
      },
      "geometry": {
        "type": "Polygon",
        "coordinates": [
          [
            [
              116.3465665,
              39.9583396
            ],
            [
              116.346568,
              39.9580441
            ],
            [
              116.3469222,
              39.9580451
            ],
            [
              116.3469208,
              39.9583406
            ],
            [
              116.3465665,
              39.9583396
            ]
          ]
        ]
      },
      "id": "way/439527394"
    },
    {
      "type": "Feature",
      "properties": {
        "@id": "way/499427391",
        "building": "yes",
        "name": "生态学研究所"
      },
      "geometry": {
        "type": "Polygon",
        "coordinates": [
          [
            [
              116.355576,
              39.9624545
            ],
            [
              116.3555888,
              39.9621759
            ],
            [
              116.3561543,
              39.9621911
            ],
            [
              116.3561415,
              39.9624698
            ],
            [
              116.355576,
              39.9624545
            ]
          ]
        ]
      },
      "id": "way/499427391"
    },
    {
      "type": "Feature",
      "properties": {
        "@id": "way/499433834",
        "building": "yes"
      },
      "geometry": {
        "type": "Polygon",
        "coordinates": [
          [
            [
              116.3550372,
              39.9636255
            ],
            [
              116.3550525,
              39.9633767
            ],
            [
              116.3553211,
              39.9633864
            ],
            [
              116.3553057,
              39.9636352
            ],
            [
              116.3550372,
              39.9636255
            ]
          ]
        ]
      },
      "id": "way/499433834"
    },
    {
      "type": "Feature",
      "properties": {
        "@id": "way/499434918",
        "amenity": "restaurant",
        "building": "yes",
        "name": "新乐群餐厅",
        "name:zh": "新乐群餐厅",
        "name:zh-Hans": "新乐群餐厅",
        "name:zh-Hant": "新樂群餐廳"
      },
      "geometry": {
        "type": "Polygon",
        "coordinates": [
          [
            [
              116.3556813,
              39.9574382
            ],
            [
              116.3556813,
              39.9572208
            ],
            [
              116.3561895,
              39.9572208
            ],
            [
              116.3561895,
              39.9574382
            ],
            [
              116.3556813,
              39.9574382
            ]
          ]
        ]
      },
      "id": "way/499434918"
    },
    {
      "type": "Feature",
      "properties": {
        "@id": "way/499435186",
        "building": "dormitory",
        "name": "学5楼",
        "name:zh": "学5楼",
        "name:zh-Hans": "学5楼",
        "name:zh-Hant": "學5樓"
      },
      "geometry": {
        "type": "Polygon",
        "coordinates": [
          [
            [
              116.3552025,
              39.9587923
            ],
            [
              116.3552088,
              39.9586463
            ],
            [
              116.3552476,
              39.9586473
            ],
            [
              116.3552684,
              39.9581597
            ],
            [
              116.3552315,
              39.9581587
            ],
            [
              116.3552372,
              39.9580271
            ],
            [
              116.3557502,
              39.9580401
            ],
            [
              116.3557485,
              39.9580791
            ],
            [
              116.355778,
              39.9580799
            ],
            [
              116.3557762,
              39.9581206
            ],
            [
              116.3557482,
              39.9581199
            ],
            [
              116.3557456,
              39.9581773
            ],
            [
              116.3554466,
              39.9581693
            ],
            [
              116.3554252,
              39.9586404
            ],
            [
              116.3557278,
              39.9586485
            ],
            [
              116.3557261,
              39.9586868
            ],
            [
              116.3557579,
              39.9586876
            ],
            [
              116.3557551,
              39.9587502
            ],
            [
              116.3557239,
              39.9587494
            ],
            [
              116.3557215,
              39.9588054
            ],
            [
              116.3552025,
              39.9587923
            ]
          ]
        ]
      },
      "id": "way/499435186"
    },
    {
      "type": "Feature",
      "properties": {
        "@id": "way/499435187",
        "building": "yes",
        "name": "学6楼",
        "name:zh": "学6楼",
        "name:zh-Hans": "学6楼",
        "name:zh-Hant": "學6樓"
      },
      "geometry": {
        "type": "Polygon",
        "coordinates": [
          [
            [
              116.356113,
              39.9588395
            ],
            [
              116.3561144,
              39.9586208
            ],
            [
              116.3562764,
              39.9586214
            ],
            [
              116.356909,
              39.9586239
            ],
            [
              116.3570844,
              39.9586246
            ],
            [
              116.357083,
              39.9588462
            ],
            [
              116.356918,
              39.9588455
            ],
            [
              116.3569183,
              39.9587997
            ],
            [
              116.3562907,
              39.9587971
            ],
            [
              116.3562904,
              39.9588402
            ],
            [
              116.356113,
              39.9588395
            ]
          ]
        ]
      },
      "id": "way/499435187"
    },
    {
      "type": "Feature",
      "properties": {
        "@id": "way/499435188",
        "building": "yes",
        "name": "学7楼",
        "name:zh": "学7楼",
        "name:zh-Hans": "学7楼",
        "name:zh-Hant": "學7樓"
      },
      "geometry": {
        "type": "Polygon",
        "coordinates": [
          [
            [
              116.3561168,
              39.9581906
            ],
            [
              116.3561178,
              39.9580022
            ],
            [
              116.3562994,
              39.9580028
            ],
            [
              116.3562992,
              39.9580333
            ],
            [
              116.3569136,
              39.9580351
            ],
            [
              116.3569138,
              39.9579983
            ],
            [
              116.3570878,
              39.9579989
            ],
            [
              116.3570866,
              39.958237
            ],
            [
              116.3569112,
              39.9582365
            ],
            [
              116.3569119,
              39.9581169
            ],
            [
              116.3568569,
              39.9581167
            ],
            [
              116.3568565,
              39.9581873
            ],
            [
              116.3563434,
              39.9581858
            ],
            [
              116.3563437,
              39.9581189
            ],
            [
              116.3562793,
              39.9581187
            ],
            [
              116.3562789,
              39.9581912
            ],
            [
              116.3561168,
              39.9581906
            ]
          ]
        ]
      },
      "id": "way/499435188"
    },
    {
      "type": "Feature",
      "properties": {
        "@id": "way/499437078",
        "amenity": "restaurant",
        "building": "yes",
        "name": "西南餐厅",
        "name:zh": "西南餐厅",
        "name:zh-Hans": "西南餐厅",
        "name:zh-Hant": "西南餐廳"
      },
      "geometry": {
        "type": "Polygon",
        "coordinates": [
          [
            [
              116.3564911,
              39.9578176
            ],
            [
              116.3564891,
              39.9576415
            ],
            [
              116.3567656,
              39.9576396
            ],
            [
              116.3569512,
              39.9576384
            ],
            [
              116.3569533,
              39.9578145
            ],
            [
              116.3564911,
              39.9578176
            ]
          ]
        ]
      },
      "id": "way/499437078"
    },
    {
      "type": "Feature",
      "properties": {
        "@id": "way/499437130",
        "amenity": "restaurant",
        "building": "yes",
        "name": "西北餐厅",
        "name:zh": "西北餐厅",
        "name:zh-Hans": "西北餐厅",
        "name:zh-Hant": "西北餐廳"
      },
      "geometry": {
        "type": "Polygon",
        "coordinates": [
          [
            [
              116.3564956,
              39.9574182
            ],
            [
              116.3564975,
              39.957229
            ],
            [
              116.3569473,
              39.9572316
            ],
            [
              116.3569454,
              39.9574207
            ],
            [
              116.356763,
              39.9574197
            ],
            [
              116.3564956,
              39.9574182
            ]
          ]
        ]
      },
      "id": "way/499437130"
    },
    {
      "type": "Feature",
      "properties": {
        "@id": "way/515811950",
        "building": "yes",
        "name": "中冶集团",
        "name:zh": "中冶集团",
        "name:zh-Hans": "中冶集团",
        "name:zh-Hant": "中冶集團"
      },
      "geometry": {
        "type": "Polygon",
        "coordinates": [
          [
            [
              116.3465549,
              39.9594125
            ],
            [
              116.346559,
              39.9593128
            ],
            [
              116.3469615,
              39.9593159
            ],
            [
              116.3469574,
              39.9594188
            ],
            [
              116.3465549,
              39.9594125
            ]
          ]
        ]
      },
      "id": "way/515811950"
    },
    {
      "type": "Feature",
      "properties": {
        "@id": "way/534630797",
        "area": "yes",
        "highway": "pedestrian"
      },
      "geometry": {
        "type": "Polygon",
        "coordinates": [
          [
            [
              116.3511789,
              39.9624317
            ],
            [
              116.3511846,
              39.962183
            ],
            [
              116.3511954,
              39.9619435
            ],
            [
              116.3512866,
              39.9619454
            ],
            [
              116.3513752,
              39.9619473
            ],
            [
              116.3513628,
              39.9622207
            ],
            [
              116.3512724,
              39.9622172
            ],
            [
              116.3512668,
              39.9624331
            ],
            [
              116.3512284,
              39.9624325
            ],
            [
              116.3511789,
              39.9624317
            ]
          ]
        ]
      },
      "id": "way/534630797"
    },
    {
      "type": "Feature",
      "properties": {
        "@id": "way/540297385",
        "building": "yes",
        "building:levels": "12",
        "name": "学4楼",
        "name:zh": "学4楼",
        "name:zh-Hans": "学4楼",
        "name:zh-Hant": "學4樓"
      },
      "geometry": {
        "type": "Polygon",
        "coordinates": [
          [
            [
              116.3553559,
              39.9592434
            ],
            [
              116.35536,
              39.9590081
            ],
            [
              116.3560384,
              39.9590151
            ],
            [
              116.3560342,
              39.9592503
            ],
            [
              116.3553559,
              39.9592434
            ]
          ]
        ]
      },
      "id": "way/540297385"
    },
    {
      "type": "Feature",
      "properties": {
        "@id": "way/540297386",
        "building": "yes",
        "name": "学3楼",
        "name:zh": "学3楼",
        "name:zh-Hans": "学3楼",
        "name:zh-Hant": "學3樓"
      },
      "geometry": {
        "type": "Polygon",
        "coordinates": [
          [
            [
              116.3553201,
              39.9597385
            ],
            [
              116.355345,
              39.9592632
            ],
            [
              116.3555373,
              39.9592691
            ],
            [
              116.3555283,
              39.9594421
            ],
            [
              116.3560297,
              39.9594575
            ],
            [
              116.3560139,
              39.9597598
            ],
            [
              116.3553201,
              39.9597385
            ]
          ]
        ]
      },
      "id": "way/540297386"
    },
    {
      "type": "Feature",
      "properties": {
        "@id": "way/540297387",
        "building": "yes",
        "name": "学2楼",
        "name:zh": "学2楼",
        "name:zh-Hans": "学2楼",
        "name:zh-Hant": "學2樓"
      },
      "geometry": {
        "type": "Polygon",
        "coordinates": [
          [
            [
              116.3553256,
              39.9602854
            ],
            [
              116.3553371,
              39.9598385
            ],
            [
              116.3555185,
              39.9598413
            ],
            [
              116.3555143,
              39.9600021
            ],
            [
              116.3559643,
              39.960009
            ],
            [
              116.3559569,
              39.960295
            ],
            [
              116.3553256,
              39.9602854
            ]
          ]
        ]
      },
      "id": "way/540297387"
    },
    {
      "type": "Feature",
      "properties": {
        "@id": "way/540297388",
        "building": "yes",
        "name": "学1楼",
        "name:zh": "学1楼",
        "name:zh-Hans": "学1楼",
        "name:zh-Hant": "學1樓"
      },
      "geometry": {
        "type": "Polygon",
        "coordinates": [
          [
            [
              116.3552978,
              39.960774
            ],
            [
              116.3553138,
              39.9603258
            ],
            [
              116.3555107,
              39.9603299
            ],
            [
              116.3555054,
              39.9604788
            ],
            [
              116.3559155,
              39.9604873
            ],
            [
              116.3559048,
              39.9607867
            ],
            [
              116.3552978,
              39.960774
            ]
          ]
        ]
      },
      "id": "way/540297388"
    },
    {
      "type": "Feature",
      "properties": {
        "@id": "way/582551390",
        "brand": "物美",
        "brand:en": "Wumart",
        "brand:wikidata": "Q8039225",
        "brand:zh": "物美",
        "building": "yes",
        "name": "物美",
        "name:en": "Wumart",
        "name:zh": "物美",
        "shop": "supermarket"
      },
      "geometry": {
        "type": "Polygon",
        "coordinates": [
          [
            [
              116.3514027,
              39.9623836
            ],
            [
              116.3514142,
              39.9622344
            ],
            [
              116.3518684,
              39.962238
            ],
            [
              116.3518646,
              39.9623328
            ],
            [
              116.3518629,
              39.9623927
            ],
            [
              116.3516745,
              39.962389
            ],
            [
              116.3515459,
              39.9623864
            ],
            [
              116.3514027,
              39.9623836
            ]
          ]
        ]
      },
      "id": "way/582551390"
    },
    {
      "type": "Feature",
      "properties": {
        "@id": "way/582551392",
        "amenity": "post_office",
        "building": "yes",
        "name": "北邮邮驿站",
        "name:zh": "北邮邮驿站",
        "name:zh-Hans": "北邮邮驿站",
        "name:zh-Hant": "北郵郵驛站",
        "official_name": "北京邮电大学快递服务中心",
        "opening_hours": "Mo-Su 08:00-20:00"
      },
      "geometry": {
        "type": "Polygon",
        "coordinates": [
          [
            [
              116.3509968,
              39.9635854
            ],
            [
              116.3509978,
              39.9635515
            ],
            [
              116.3510006,
              39.9634573
            ],
            [
              116.3513162,
              39.9634627
            ],
            [
              116.3513124,
              39.9635909
            ],
            [
              116.3509968,
              39.9635854
            ]
          ]
        ]
      },
      "id": "way/582551392"
    },
    {
      "type": "Feature",
      "properties": {
        "@id": "way/637146709",
        "building": "yes",
        "name": "学12楼",
        "name:zh": "学12楼",
        "name:zh-Hans": "学12楼",
        "name:zh-Hant": "學12樓"
      },
      "geometry": {
        "type": "Polygon",
        "coordinates": [
          [
            [
              116.3568546,
              39.957089
            ],
            [
              116.3568551,
              39.9568766
            ],
            [
              116.3570176,
              39.9568768
            ],
            [
              116.3570175,
              39.9569032
            ],
            [
              116.3576755,
              39.956904
            ],
            [
              116.3576756,
              39.9568691
            ],
            [
              116.3578263,
              39.9568693
            ],
            [
              116.3578258,
              39.9570981
            ],
            [
              116.3576657,
              39.9570979
            ],
            [
              116.3576659,
              39.9570294
            ],
            [
              116.35703,
              39.9570285
            ],
            [
              116.3570298,
              39.9570893
            ],
            [
              116.3568546,
              39.957089
            ]
          ]
        ]
      },
      "id": "way/637146709"
    },
    {
      "type": "Feature",
      "properties": {
        "@id": "way/665147678",
        "amenity": "parking"
      },
      "geometry": {
        "type": "Polygon",
        "coordinates": [
          [
            [
              116.3553163,
              39.9611484
            ],
            [
              116.3553294,
              39.9608867
            ],
            [
              116.3557754,
              39.9608999
            ],
            [
              116.3557623,
              39.9611615
            ],
            [
              116.3553163,
              39.9611484
            ]
          ]
        ]
      },
      "id": "way/665147678"
    },
    {
      "type": "Feature",
      "properties": {
        "@id": "way/681441380",
        "building": "yes"
      },
      "geometry": {
        "type": "Polygon",
        "coordinates": [
          [
            [
              116.3567656,
              39.9576396
            ],
            [
              116.356763,
              39.9574197
            ],
            [
              116.3569454,
              39.9574207
            ],
            [
              116.3569512,
              39.9576384
            ],
            [
              116.3567656,
              39.9576396
            ]
          ]
        ]
      },
      "id": "way/681441380"
    },
    {
      "type": "Feature",
      "properties": {
        "@id": "way/953938441",
        "addr:housenumber": "33",
        "addr:street": "西土城路",
        "amenity": "research_institute",
        "landuse": "commercial",
        "name": "中冶集团建筑研究总院",
        "name:zh": "中冶集团建筑研究总院",
        "name:zh-Hans": "中冶集团建筑研究总院",
        "name:zh-Hant": "中冶集團建築研究總院"
      },
      "geometry": {
        "type": "Polygon",
        "coordinates": [
          [
            [
              116.3470538,
              39.960694
            ],
            [
              116.3444609,
              39.960593
            ],
            [
              116.3444411,
              39.9611629
            ],
            [
              116.3431599,
              39.9611072
            ],
            [
              116.3432428,
              39.9606026
            ],
            [
              116.3434086,
              39.9602587
            ],
            [
              116.3438775,
              39.9602596
            ],
            [
              116.3438995,
              39.9600975
            ],
            [
              116.3440229,
              39.9600786
            ],
            [
              116.3446375,
              39.9585205
            ],
            [
              116.3471149,
              39.9585467
            ],
            [
              116.3470954,
              39.9588532
            ],
            [
              116.3470538,
              39.960694
            ]
          ]
        ]
      },
      "id": "way/953938441"
    },
    {
      "type": "Feature",
      "properties": {
        "@id": "way/959801254",
        "amenity": "hospital",
        "building": "hospital",
        "healthcare": "hospital",
        "healthcare:speciality": "traditional_chinese_medicine",
        "name": "北京中仁中医医院",
        "name:en": "Beijing Zhongren Hospital of Traditional Chinese Medicine",
        "name:zh": "北京中仁中医医院",
        "name:zh-Hans": "北京中仁中医医院",
        "name:zh-Hant": "北京中仁中醫醫院",
        "website": "http://www.zrzyyy.com/"
      },
      "geometry": {
        "type": "Polygon",
        "coordinates": [
          [
            [
              116.3542391,
              39.9569038
            ],
            [
              116.3542388,
              39.956811
            ],
            [
              116.3546555,
              39.9568102
            ],
            [
              116.3546557,
              39.9569032
            ],
            [
              116.3542391,
              39.9569038
            ]
          ]
        ]
      },
      "id": "way/959801254"
    },
    {
      "type": "Feature",
      "properties": {
        "@id": "way/969718468",
        "amenity": "parking"
      },
      "geometry": {
        "type": "Polygon",
        "coordinates": [
          [
            [
              116.3517096,
              39.9627448
            ],
            [
              116.3520421,
              39.962756
            ],
            [
              116.3520292,
              39.9629817
            ],
            [
              116.3516967,
              39.9629706
            ],
            [
              116.3517096,
              39.9627448
            ]
          ]
        ]
      },
      "id": "way/969718468"
    },
    {
      "type": "Feature",
      "properties": {
        "@id": "way/969718471",
        "amenity": "parking"
      },
      "geometry": {
        "type": "Polygon",
        "coordinates": [
          [
            [
              116.3512136,
              39.9587373
            ],
            [
              116.3531874,
              39.9587844
            ],
            [
              116.3531845,
              39.9588556
            ],
            [
              116.3512107,
              39.9588085
            ],
            [
              116.3512136,
              39.9587373
            ]
          ]
        ]
      },
      "id": "way/969718471"
    },
    {
      "type": "Feature",
      "properties": {
        "@id": "way/969718474",
        "amenity": "parking"
      },
      "geometry": {
        "type": "Polygon",
        "coordinates": [
          [
            [
              116.3530482,
              39.9573794
            ],
            [
              116.3530523,
              39.9571373
            ],
            [
              116.3536973,
              39.9571379
            ],
            [
              116.3536973,
              39.9573856
            ],
            [
              116.3530482,
              39.9573794
            ]
          ]
        ]
      },
      "id": "way/969718474"
    },
    {
      "type": "Feature",
      "properties": {
        "@id": "way/1087856281",
        "building": "yes",
        "layer": "-1",
        "name": "学18楼",
        "name:zh": "学18楼",
        "name:zh-Hans": "学18楼",
        "name:zh-Hant": "學18樓"
      },
      "geometry": {
        "type": "Polygon",
        "coordinates": [
          [
            [
              116.3561144,
              39.9586208
            ],
            [
              116.3561168,
              39.9581906
            ],
            [
              116.3562789,
              39.9581912
            ],
            [
              116.3562764,
              39.9586214
            ],
            [
              116.3561144,
              39.9586208
            ]
          ]
        ]
      },
      "id": "way/1087856281"
    },
    {
      "type": "Feature",
      "properties": {
        "@id": "way/1087856282",
        "building": "yes",
        "name": "学17楼",
        "name:zh": "学17楼",
        "name:zh-Hans": "学17楼",
        "name:zh-Hant": "學17樓"
      },
      "geometry": {
        "type": "Polygon",
        "coordinates": [
          [
            [
              116.356909,
              39.9586239
            ],
            [
              116.3569112,
              39.9582365
            ],
            [
              116.3570866,
              39.958237
            ],
            [
              116.3570844,
              39.9586246
            ],
            [
              116.356909,
              39.9586239
            ]
          ]
        ]
      },
      "id": "way/1087856282"
    },
    {
      "type": "Feature",
      "properties": {
        "@id": "way/1375509854",
        "building": "yes",
        "name": "体育部"
      },
      "geometry": {
        "type": "Polygon",
        "coordinates": [
          [
            [
              116.3532217,
              39.9597124
            ],
            [
              116.353245,
              39.9592794
            ],
            [
              116.3532019,
              39.9592781
            ],
            [
              116.3532036,
              39.9592475
            ],
            [
              116.3532137,
              39.9590589
            ],
            [
              116.3532649,
              39.9590605
            ],
            [
              116.3532868,
              39.9586508
            ],
            [
              116.3533372,
              39.9586524
            ],
            [
              116.3534063,
              39.9586546
            ],
            [
              116.3533495,
              39.9597164
            ],
            [
              116.3532457,
              39.9597131
            ],
            [
              116.3532217,
              39.9597124
            ]
          ]
        ]
      },
      "id": "way/1375509854"
    },
    {
      "type": "Feature",
      "properties": {
        "@id": "way/1375509857",
        "amenity": "parking"
      },
      "geometry": {
        "type": "Polygon",
        "coordinates": [
          [
            [
              116.3525913,
              39.960701
            ],
            [
              116.3525997,
              39.9603596
            ],
            [
              116.3526005,
              39.9603359
            ],
            [
              116.3528449,
              39.9603435
            ],
            [
              116.3528298,
              39.9606482
            ],
            [
              116.352923,
              39.9606496
            ],
            [
              116.3529216,
              39.9607045
            ],
            [
              116.3525913,
              39.960701
            ]
          ]
        ]
      },
      "id": "way/1375509857"
    },
    {
      "type": "Feature",
      "properties": {
        "@id": "way/1375509858",
        "amenity": "parking",
        "surface": "paved"
      },
      "geometry": {
        "type": "Polygon",
        "coordinates": [
          [
            [
              116.3529136,
              39.9609565
            ],
            [
              116.35292,
              39.9607538
            ],
            [
              116.3529216,
              39.9607045
            ],
            [
              116.352923,
              39.9606496
            ],
            [
              116.35293,
              39.9603352
            ],
            [
              116.3531311,
              39.9603409
            ],
            [
              116.3532701,
              39.9603432
            ],
            [
              116.3532687,
              39.9603803
            ],
            [
              116.3531974,
              39.9604102
            ],
            [
              116.3531878,
              39.9607314
            ],
            [
              116.3533174,
              39.96082
            ],
            [
              116.3537013,
              39.9608297
            ],
            [
              116.3536989,
              39.9608778
            ],
            [
              116.3546009,
              39.9608948
            ],
            [
              116.3545993,
              39.9609778
            ],
            [
              116.3542106,
              39.9609757
            ],
            [
              116.3529136,
              39.9609565
            ]
          ]
        ]
      },
      "id": "way/1375509858"
    },
    {
      "type": "Feature",
      "properties": {
        "@id": "way/1375595585",
        "building": "bungalow",
        "name": "中心机房"
      },
      "geometry": {
        "type": "Polygon",
        "coordinates": [
          [
            [
              116.3524958,
              39.9593323
            ],
            [
              116.3524991,
              39.9591519
            ],
            [
              116.3526726,
              39.9591521
            ],
            [
              116.3528534,
              39.9591533
            ],
            [
              116.3528533,
              39.959336
            ],
            [
              116.3524958,
              39.9593323
            ]
          ]
        ]
      },
      "id": "way/1375595585"
    },
    {
      "type": "Feature",
      "properties": {
        "@id": "way/1375595586",
        "building": "yes",
        "name": "收发室"
      },
      "geometry": {
        "type": "Polygon",
        "coordinates": [
          [
            [
              116.35117,
              39.9586704
            ],
            [
              116.3511708,
              39.9586373
            ],
            [
              116.3511722,
              39.9585732
            ],
            [
              116.3512697,
              39.9585745
            ],
            [
              116.3512675,
              39.9586717
            ],
            [
              116.35117,
              39.9586704
            ]
          ]
        ]
      },
      "id": "way/1375595586"
    },
    {
      "type": "Feature",
      "properties": {
        "@id": "way/1375595587",
        "amenity": "toilets",
        "building": "yes"
      },
      "geometry": {
        "type": "Polygon",
        "coordinates": [
          [
            [
              116.3532043,
              39.9601876
            ],
            [
              116.3532074,
              39.9600903
            ],
            [
              116.3532438,
              39.960091
            ],
            [
              116.3535263,
              39.9600962
            ],
            [
              116.3535261,
              39.9601039
            ],
            [
              116.3535232,
              39.9601934
            ],
            [
              116.3532043,
              39.9601876
            ]
          ]
        ]
      },
      "id": "way/1375595587"
    },
    {
      "type": "Feature",
      "properties": {
        "@id": "way/1375595588",
        "amenity": "charging_station"
      },
      "geometry": {
        "type": "Polygon",
        "coordinates": [
          [
            [
              116.354702,
              39.9608736
            ],
            [
              116.3547393,
              39.9602862
            ],
            [
              116.3547676,
              39.9602871
            ],
            [
              116.3547338,
              39.9608741
            ],
            [
              116.354702,
              39.9608736
            ]
          ]
        ]
      },
      "id": "way/1375595588"
    },
    {
      "type": "Feature",
      "properties": {
        "@id": "way/1375595589",
        "amenity": "charging_station"
      },
      "geometry": {
        "type": "Polygon",
        "coordinates": [
          [
            [
              116.3499511,
              39.9635567
            ],
            [
              116.3499572,
              39.96352
            ],
            [
              116.350213,
              39.9635253
            ],
            [
              116.3502117,
              39.9635633
            ],
            [
              116.3499511,
              39.9635567
            ]
          ]
        ]
      },
      "id": "way/1375595589"
    },
    {
      "type": "Feature",
      "properties": {
        "@id": "way/1375595590",
        "amenity": "charging_station"
      },
      "geometry": {
        "type": "Polygon",
        "coordinates": [
          [
            [
              116.3492878,
              39.9624687
            ],
            [
              116.3492906,
              39.9623449
            ],
            [
              116.349914,
              39.9623586
            ],
            [
              116.3499129,
              39.9624194
            ],
            [
              116.349912,
              39.9624835
            ],
            [
              116.3492878,
              39.9624687
            ]
          ]
        ]
      },
      "id": "way/1375595590"
    },
    {
      "type": "Feature",
      "properties": {
        "@id": "way/1375837500",
        "amenity": "bicycle_parking"
      },
      "geometry": {
        "type": "Polygon",
        "coordinates": [
          [
            [
              116.3514169,
              39.9607331
            ],
            [
              116.351419,
              39.9606968
            ],
            [
              116.3516536,
              39.9607046
            ],
            [
              116.3516515,
              39.960741
            ],
            [
              116.3514169,
              39.9607331
            ]
          ]
        ]
      },
      "id": "way/1375837500"
    },
    {
      "type": "Feature",
      "properties": {
        "@id": "way/1375837502",
        "amenity": "parking"
      },
      "geometry": {
        "type": "Polygon",
        "coordinates": [
          [
            [
              116.3522475,
              39.9618563
            ],
            [
              116.3522616,
              39.9615999
            ],
            [
              116.3523591,
              39.961603
            ],
            [
              116.3523613,
              39.9615624
            ],
            [
              116.3523311,
              39.9615614
            ],
            [
              116.3523451,
              39.9613091
            ],
            [
              116.3522685,
              39.9613066
            ],
            [
              116.3522754,
              39.9610692
            ],
            [
              116.3522839,
              39.9610285
            ],
            [
              116.3524625,
              39.9610343
            ],
            [
              116.352449,
              39.9612761
            ],
            [
              116.3524297,
              39.9616251
            ],
            [
              116.352429,
              39.9616383
            ],
            [
              116.3523336,
              39.9616352
            ],
            [
              116.3523212,
              39.9618586
            ],
            [
              116.3522475,
              39.9618563
            ]
          ]
        ]
      },
      "id": "way/1375837502"
    },
    {
      "type": "Feature",
      "properties": {
        "@id": "way/1375837504",
        "area": "yes",
        "bicycle": "yes",
        "highway": "pedestrian"
      },
      "geometry": {
        "type": "Polygon",
        "coordinates": [
          [
            [
              116.3494931,
              39.9599039
            ],
            [
              116.3494967,
              39.9598316
            ],
            [
              116.349499,
              39.9597859
            ],
            [
              116.3499981,
              39.959793
            ],
            [
              116.3500595,
              39.9597939
            ],
            [
              116.3500883,
              39.9597861
            ],
            [
              116.3501122,
              39.9597633
            ],
            [
              116.3501182,
              39.9597487
            ],
            [
              116.3501221,
              39.9595852
            ],
            [
              116.3501257,
              39.959437
            ],
            [
              116.3501717,
              39.959437
            ],
            [
              116.3502183,
              39.9594371
            ],
            [
              116.3502123,
              39.9595881
            ],
            [
              116.350206,
              39.9597473
            ],
            [
              116.3502219,
              39.959776
            ],
            [
              116.3502468,
              39.9597985
            ],
            [
              116.350277,
              39.9598109
            ],
            [
              116.3503095,
              39.9598112
            ],
            [
              116.3508166,
              39.959816
            ],
            [
              116.3508798,
              39.9598166
            ],
            [
              116.350878,
              39.9598757
            ],
            [
              116.3508764,
              39.95995
            ],
            [
              116.3508113,
              39.9599492
            ],
            [
              116.3502935,
              39.9599433
            ],
            [
              116.3502788,
              39.9599431
            ],
            [
              116.3502463,
              39.9599484
            ],
            [
              116.350225,
              39.9599609
            ],
            [
              116.3502033,
              39.9599801
            ],
            [
              116.3501985,
              39.9601504
            ],
            [
              116.3501933,
              39.9603351
            ],
            [
              116.350142,
              39.9603333
            ],
            [
              116.3500702,
              39.9603307
            ],
            [
              116.3500768,
              39.9601517
            ],
            [
              116.3500831,
              39.9599801
            ],
            [
              116.3500769,
              39.9599655
            ],
            [
              116.3500567,
              39.9599453
            ],
            [
              116.350019,
              39.9599352
            ],
            [
              116.3499876,
              39.9599345
            ],
            [
              116.3495224,
              39.9599237
            ],
            [
              116.3494901,
              39.9599229
            ],
            [
              116.3494931,
              39.9599039
            ]
          ]
        ]
      },
      "id": "way/1375837504"
    },
    {
      "type": "Feature",
      "properties": {
        "@id": "way/1375837506",
        "amenity": "parking"
      },
      "geometry": {
        "type": "Polygon",
        "coordinates": [
          [
            [
              116.349096,
              39.9594448
            ],
            [
              116.3491096,
              39.959103
            ],
            [
              116.3493202,
              39.9591079
            ],
            [
              116.3493065,
              39.9594498
            ],
            [
              116.349096,
              39.9594448
            ]
          ]
        ]
      },
      "id": "way/1375837506"
    },
    {
      "type": "Feature",
      "properties": {
        "@id": "way/1375837507",
        "amenity": "charging_station"
      },
      "geometry": {
        "type": "Polygon",
        "coordinates": [
          [
            [
              116.3493444,
              39.9616917
            ],
            [
              116.3493458,
              39.9616546
            ],
            [
              116.3499679,
              39.9616674
            ],
            [
              116.3499686,
              39.9617061
            ],
            [
              116.3493444,
              39.9616917
            ]
          ]
        ]
      },
      "id": "way/1375837507"
    },
    {
      "type": "Feature",
      "properties": {
        "@id": "way/1375860721",
        "amenity": "charging_station"
      },
      "geometry": {
        "type": "Polygon",
        "coordinates": [
          [
            [
              116.3517408,
              39.9629612
            ],
            [
              116.3517574,
              39.9627639
            ],
            [
              116.3517921,
              39.9627656
            ],
            [
              116.3517754,
              39.962963
            ],
            [
              116.3517408,
              39.9629612
            ]
          ]
        ]
      },
      "id": "way/1375860721"
    },
    {
      "type": "Feature",
      "properties": {
        "@id": "way/1376080278",
        "amenity": "parking"
      },
      "geometry": {
        "type": "Polygon",
        "coordinates": [
          [
            [
              116.3513824,
              39.960683
            ],
            [
              116.3513849,
              39.9606333
            ],
            [
              116.3516696,
              39.960642
            ],
            [
              116.351667,
              39.9606916
            ],
            [
              116.3513824,
              39.960683
            ]
          ]
        ]
      },
      "id": "way/1376080278"
    },
    {
      "type": "Feature",
      "properties": {
        "@id": "way/1376105772",
        "building": "yes"
      },
      "geometry": {
        "type": "Polygon",
        "coordinates": [
          [
            [
              116.3519278,
              39.9608796
            ],
            [
              116.3519318,
              39.9607847
            ],
            [
              116.3519852,
              39.9607847
            ],
            [
              116.3519872,
              39.960743
            ],
            [
              116.3520788,
              39.9607415
            ],
            [
              116.3520768,
              39.9608055
            ],
            [
              116.3523466,
              39.9608086
            ],
            [
              116.3523436,
              39.9608858
            ],
            [
              116.3519278,
              39.9608796
            ]
          ]
        ]
      },
      "id": "way/1376105772"
    },
    {
      "type": "Feature",
      "properties": {
        "@id": "way/1376105776",
        "amenity": "bicycle_parking"
      },
      "geometry": {
        "type": "Polygon",
        "coordinates": [
          [
            [
              116.3542798,
              39.961194
            ],
            [
              116.3542803,
              39.9611381
            ],
            [
              116.3546603,
              39.96114
            ],
            [
              116.3546598,
              39.961196
            ],
            [
              116.3542798,
              39.961194
            ]
          ]
        ]
      },
      "id": "way/1376105776"
    },
    {
      "type": "Feature",
      "properties": {
        "@id": "way/1376105798",
        "amenity": "charging_station"
      },
      "geometry": {
        "type": "Polygon",
        "coordinates": [
          [
            [
              116.3516614,
              39.9633018
            ],
            [
              116.351678,
              39.9631045
            ],
            [
              116.3517127,
              39.9631062
            ],
            [
              116.351696,
              39.9633036
            ],
            [
              116.3516614,
              39.9633018
            ]
          ]
        ]
      },
      "id": "way/1376105798"
    },
    {
      "type": "Feature",
      "properties": {
        "@id": "way/1376105799",
        "building": "yes",
        "name": "基建修缮部"
      },
      "geometry": {
        "type": "Polygon",
        "coordinates": [
          [
            [
              116.3490541,
              39.9601397
            ],
            [
              116.3490704,
              39.9599081
            ],
            [
              116.3491485,
              39.9599113
            ],
            [
              116.3491322,
              39.960143
            ],
            [
              116.3490541,
              39.9601397
            ]
          ]
        ]
      },
      "id": "way/1376105799"
    },
    {
      "type": "Feature",
      "properties": {
        "@id": "way/1376105800",
        "building": "yes"
      },
      "geometry": {
        "type": "Polygon",
        "coordinates": [
          [
            [
              116.3490876,
              39.9596814
            ],
            [
              116.3491039,
              39.9594497
            ],
            [
              116.349182,
              39.9594529
            ],
            [
              116.3491658,
              39.9596846
            ],
            [
              116.3490876,
              39.9596814
            ]
          ]
        ]
      },
      "id": "way/1376105800"
    },
    {
      "type": "Feature",
      "properties": {
        "@id": "way/1376105801",
        "building": "yes"
      },
      "geometry": {
        "type": "Polygon",
        "coordinates": [
          [
            [
              116.3499861,
              39.9594952
            ],
            [
              116.3499916,
              39.9594284
            ],
            [
              116.3500685,
              39.9594321
            ],
            [
              116.350063,
              39.9594989
            ],
            [
              116.3499861,
              39.9594952
            ]
          ]
        ]
      },
      "id": "way/1376105801"
    },
    {
      "type": "Feature",
      "properties": {
        "@id": "way/1376632766",
        "amenity": "parking"
      },
      "geometry": {
        "type": "Polygon",
        "coordinates": [
          [
            [
              116.3492421,
              39.9635382
            ],
            [
              116.3492466,
              39.9634047
            ],
            [
              116.3498605,
              39.9634168
            ],
            [
              116.349856,
              39.9635504
            ],
            [
              116.3492421,
              39.9635382
            ]
          ]
        ]
      },
      "id": "way/1376632766"
    },
    {
      "type": "Feature",
      "properties": {
        "@id": "way/1376633064",
        "building": "yes"
      },
      "geometry": {
        "type": "Polygon",
        "coordinates": [
          [
            [
              116.350421,
              39.9623542
            ],
            [
              116.3504314,
              39.962351
            ],
            [
              116.3504426,
              39.9623507
            ],
            [
              116.3504525,
              39.962353
            ],
            [
              116.350461,
              39.9623576
            ],
            [
              116.3504672,
              39.962364
            ],
            [
              116.3504705,
              39.9623715
            ],
            [
              116.3504705,
              39.9623795
            ],
            [
              116.3504673,
              39.9623871
            ],
            [
              116.3504611,
              39.9623935
            ],
            [
              116.3504526,
              39.9623981
            ],
            [
              116.3504427,
              39.9624004
            ],
            [
              116.3504323,
              39.9624002
            ],
            [
              116.3504218,
              39.9623973
            ],
            [
              116.3504132,
              39.9623918
            ],
            [
              116.3504076,
              39.9623844
            ],
            [
              116.3504055,
              39.9623759
            ],
            [
              116.3504073,
              39.9623675
            ],
            [
              116.3504126,
              39.9623599
            ],
            [
              116.350421,
              39.9623542
            ]
          ]
        ]
      },
      "id": "way/1376633064"
    },
    {
      "type": "Feature",
      "properties": {
        "@id": "way/1376633932",
        "amenity": "bicycle_parking"
      },
      "geometry": {
        "type": "Polygon",
        "coordinates": [
          [
            [
              116.3509174,
              39.963333
            ],
            [
              116.3509198,
              39.9630826
            ],
            [
              116.3509482,
              39.9630835
            ],
            [
              116.3509447,
              39.9633335
            ],
            [
              116.3509174,
              39.963333
            ]
          ]
        ]
      },
      "id": "way/1376633932"
    },
    {
      "type": "Feature",
      "properties": {
        "@id": "way/1376633933",
        "amenity": "parking"
      },
      "geometry": {
        "type": "Polygon",
        "coordinates": [
          [
            [
              116.3501348,
              39.9606731
            ],
            [
              116.3502218,
              39.9606754
            ],
            [
              116.3502139,
              39.9608456
            ],
            [
              116.3509541,
              39.9608657
            ],
            [
              116.3509516,
              39.9609209
            ],
            [
              116.3501244,
              39.9608985
            ],
            [
              116.3501348,
              39.9606731
            ]
          ]
        ]
      },
      "id": "way/1376633933"
    },
    {
      "type": "Feature",
      "properties": {
        "@id": "way/1376633934",
        "amenity": "parking"
      },
      "geometry": {
        "type": "Polygon",
        "coordinates": [
          [
            [
              116.350072,
              39.9606682
            ],
            [
              116.3500616,
              39.9608936
            ],
            [
              116.3494019,
              39.960872
            ],
            [
              116.3494076,
              39.9608169
            ],
            [
              116.3499772,
              39.960836
            ],
            [
              116.349985,
              39.9606658
            ],
            [
              116.350072,
              39.9606682
            ]
          ]
        ]
      },
      "id": "way/1376633934"
    },
    {
      "type": "Feature",
      "properties": {
        "@id": "way/1376641640",
        "building": "yes",
        "name": "校史馆",
        "tourism": "museum"
      },
      "geometry": {
        "type": "Polygon",
        "coordinates": [
          [
            [
              116.3531008,
              39.9625393
            ],
            [
              116.3528599,
              39.9625356
            ],
            [
              116.352863,
              39.9624141
            ],
            [
              116.3529179,
              39.962415
            ],
            [
              116.3533189,
              39.962421
            ],
            [
              116.3533112,
              39.9627183
            ],
            [
              116.3530962,
              39.9627151
            ],
            [
              116.3530991,
              39.9626052
            ],
            [
              116.3531008,
              39.9625393
            ]
          ]
        ]
      },
      "id": "way/1376641640"
    },
    {
      "type": "Feature",
      "properties": {
        "@id": "way/1376641642",
        "building": "yes",
        "name": "大学生创新创业实践基地"
      },
      "geometry": {
        "type": "Polygon",
        "coordinates": [
          [
            [
              116.351765,
              39.9630445
            ],
            [
              116.3517544,
              39.963232
            ],
            [
              116.3517151,
              39.9632298
            ],
            [
              116.351728,
              39.963043
            ],
            [
              116.351765,
              39.9630445
            ]
          ]
        ]
      },
      "id": "way/1376641642"
    },
    {
      "type": "Feature",
      "properties": {
        "@id": "way/1376682968",
        "building": "yes",
        "name": "接诉即办"
      },
      "geometry": {
        "type": "Polygon",
        "coordinates": [
          [
            [
              116.3521126,
              39.9619837
            ],
            [
              116.3522506,
              39.9619881
            ],
            [
              116.3523883,
              39.9619925
            ],
            [
              116.3523858,
              39.9620377
            ],
            [
              116.3521102,
              39.9620289
            ],
            [
              116.3521126,
              39.9619837
            ]
          ]
        ]
      },
      "id": "way/1376682968"
    },
    {
      "type": "Feature",
      "properties": {
        "@id": "way/1376682970",
        "amenity": "restaurant",
        "building": "yes",
        "name": "学苑风味餐厅(矮食堂)"
      },
      "geometry": {
        "type": "Polygon",
        "coordinates": [
          [
            [
              116.3521102,
              39.9620289
            ],
            [
              116.3523858,
              39.9620377
            ],
            [
              116.3523839,
              39.9620905
            ],
            [
              116.3523733,
              39.9622701
            ],
            [
              116.3523688,
              39.9623468
            ],
            [
              116.3520944,
              39.9623383
            ],
            [
              116.3521102,
              39.9620289
            ]
          ]
        ]
      },
      "id": "way/1376682970"
    },
    {
      "type": "Feature",
      "properties": {
        "@id": "way/1376682971",
        "building": "yes",
        "shop": "yes"
      },
      "geometry": {
        "type": "Polygon",
        "coordinates": [
          [
            [
              116.3523688,
              39.9623468
            ],
            [
              116.3523642,
              39.9624038
            ],
            [
              116.3518629,
              39.9623927
            ],
            [
              116.3518646,
              39.9623328
            ],
            [
              116.3520944,
              39.9623383
            ],
            [
              116.3523688,
              39.9623468
            ]
          ]
        ]
      },
      "id": "way/1376682971"
    },
    {
      "type": "Feature",
      "properties": {
        "@id": "way/1376682972",
        "amenity": "bicycle_parking"
      },
      "geometry": {
        "type": "Polygon",
        "coordinates": [
          [
            [
              116.3504763,
              39.9623706
            ],
            [
              116.3504774,
              39.9623337
            ],
            [
              116.3508022,
              39.9623394
            ],
            [
              116.3508011,
              39.9623763
            ],
            [
              116.3504763,
              39.9623706
            ]
          ]
        ]
      },
      "id": "way/1376682972"
    },
    {
      "type": "Feature",
      "properties": {
        "@id": "way/1376682973",
        "amenity": "parking"
      },
      "geometry": {
        "type": "Polygon",
        "coordinates": [
          [
            [
              116.3501264,
              39.9623628
            ],
            [
              116.3501283,
              39.9623238
            ],
            [
              116.3503785,
              39.9623308
            ],
            [
              116.3503767,
              39.9623699
            ],
            [
              116.3501264,
              39.9623628
            ]
          ]
        ]
      },
      "id": "way/1376682973"
    },
    {
      "type": "Feature",
      "properties": {
        "@id": "way/1376682975",
        "amenity": "parking"
      },
      "geometry": {
        "type": "Polygon",
        "coordinates": [
          [
            [
              116.349311,
              39.9632627
            ],
            [
              116.3493143,
              39.9631867
            ],
            [
              116.3498514,
              39.9632005
            ],
            [
              116.3498481,
              39.9632764
            ],
            [
              116.349311,
              39.9632627
            ]
          ]
        ]
      },
      "id": "way/1376682975"
    },
    {
      "type": "Feature",
      "properties": {
        "@id": "way/1376682976",
        "amenity": "parking"
      },
      "geometry": {
        "type": "Polygon",
        "coordinates": [
          [
            [
              116.3493234,
              39.9631184
            ],
            [
              116.3493267,
              39.9630424
            ],
            [
              116.3498637,
              39.9630561
            ],
            [
              116.3498604,
              39.963132
            ],
            [
              116.3493234,
              39.9631184
            ]
          ]
        ]
      },
      "id": "way/1376682976"
    },
    {
      "type": "Feature",
      "properties": {
        "@id": "way/1376682978",
        "building": "yes"
      },
      "geometry": {
        "type": "Polygon",
        "coordinates": [
          [
            [
              116.3507404,
              39.9627202
            ],
            [
              116.3507394,
              39.9626643
            ],
            [
              116.3508034,
              39.9626635
            ],
            [
              116.3508044,
              39.9627195
            ],
            [
              116.3507404,
              39.9627202
            ]
          ]
        ]
      },
      "id": "way/1376682978"
    },
    {
      "type": "Feature",
      "properties": {
        "@id": "way/1376682980",
        "amenity": "bicycle_parking"
      },
      "geometry": {
        "type": "Polygon",
        "coordinates": [
          [
            [
              116.3526384,
              39.961689
            ],
            [
              116.352619,
              39.9616457
            ],
            [
              116.3527723,
              39.9616499
            ],
            [
              116.3527704,
              39.9616926
            ],
            [
              116.3526384,
              39.961689
            ]
          ]
        ]
      },
      "id": "way/1376682980"
    },
    {
      "type": "Feature",
      "properties": {
        "@id": "way/1376682990",
        "amenity": "bicycle_parking"
      },
      "geometry": {
        "type": "Polygon",
        "coordinates": [
          [
            [
              116.3514795,
              39.9615703
            ],
            [
              116.351399,
              39.9615686
            ],
            [
              116.3514013,
              39.9615022
            ],
            [
              116.3514819,
              39.9615038
            ],
            [
              116.3514795,
              39.9615703
            ]
          ]
        ]
      },
      "id": "way/1376682990"
    },
    {
      "type": "Feature",
      "properties": {
        "@id": "way/1376682991",
        "amenity": "bicycle_parking"
      },
      "geometry": {
        "type": "Polygon",
        "coordinates": [
          [
            [
              116.3514905,
              39.9613825
            ],
            [
              116.3514099,
              39.9613808
            ],
            [
              116.3514123,
              39.9613143
            ],
            [
              116.3514929,
              39.961316
            ],
            [
              116.3514905,
              39.9613825
            ]
          ]
        ]
      },
      "id": "way/1376682991"
    },
    {
      "type": "Feature",
      "properties": {
        "@id": "way/1376682995",
        "building": "bungalow"
      },
      "geometry": {
        "type": "Polygon",
        "coordinates": [
          [
            [
              116.3509879,
              39.9586149
            ],
            [
              116.3509926,
              39.9585163
            ],
            [
              116.3510844,
              39.9585188
            ],
            [
              116.3510798,
              39.9586174
            ],
            [
              116.3509879,
              39.9586149
            ]
          ]
        ]
      },
      "id": "way/1376682995"
    },
    {
      "type": "Feature",
      "properties": {
        "@id": "way/1376959188",
        "building": "yes"
      },
      "geometry": {
        "type": "Polygon",
        "coordinates": [
          [
            [
              116.3522718,
              39.9615941
            ],
            [
              116.3522729,
              39.9615716
            ],
            [
              116.3523469,
              39.9615739
            ],
            [
              116.3523457,
              39.9615963
            ],
            [
              116.3522718,
              39.9615941
            ]
          ]
        ]
      },
      "id": "way/1376959188"
    },
    {
      "type": "Feature",
      "properties": {
        "@id": "way/1376997119",
        "amenity": "bicycle_parking"
      },
      "geometry": {
        "type": "Polygon",
        "coordinates": [
          [
            [
              116.3521442,
              39.9625291
            ],
            [
              116.3521447,
              39.962508
            ],
            [
              116.3523213,
              39.9625107
            ],
            [
              116.3523207,
              39.9625317
            ],
            [
              116.3521442,
              39.9625291
            ]
          ]
        ]
      },
      "id": "way/1376997119"
    },
    {
      "type": "Feature",
      "properties": {
        "@id": "way/1377171463",
        "amenity": "parking"
      },
      "geometry": {
        "type": "Polygon",
        "coordinates": [
          [
            [
              116.3493862,
              39.9587332
            ],
            [
              116.3493909,
              39.9586243
            ],
            [
              116.3502445,
              39.9586458
            ],
            [
              116.3502399,
              39.9587546
            ],
            [
              116.3493862,
              39.9587332
            ]
          ]
        ]
      },
      "id": "way/1377171463"
    },
    {
      "type": "Feature",
      "properties": {
        "@id": "way/1377171467",
        "amenity": "parking_space"
      },
      "geometry": {
        "type": "Polygon",
        "coordinates": [
          [
            [
              116.3510112,
              39.9630029
            ],
            [
              116.3510122,
              39.9629623
            ],
            [
              116.3513091,
              39.9629668
            ],
            [
              116.3513081,
              39.9630073
            ],
            [
              116.3510112,
              39.9630029
            ]
          ]
        ]
      },
      "id": "way/1377171467"
    },
    {
      "type": "Feature",
      "properties": {
        "@id": "way/1377379910",
        "amenity": "bicycle_parking"
      },
      "geometry": {
        "type": "Polygon",
        "coordinates": [
          [
            [
              116.3514308,
              39.9625098
            ],
            [
              116.3514313,
              39.9624887
            ],
            [
              116.3516079,
              39.9624914
            ],
            [
              116.3516073,
              39.9625124
            ],
            [
              116.3514308,
              39.9625098
            ]
          ]
        ]
      },
      "id": "way/1377379910"
    },
    {
      "type": "Feature",
      "properties": {
        "@id": "way/1377379915",
        "building": "yes"
      },
      "geometry": {
        "type": "Polygon",
        "coordinates": [
          [
            [
              116.3557568,
              39.9620896
            ],
            [
              116.3557587,
              39.9619933
            ],
            [
              116.3558914,
              39.9619948
            ],
            [
              116.3559025,
              39.9619709
            ],
            [
              116.3564347,
              39.9619774
            ],
            [
              116.3564366,
              39.9618852
            ],
            [
              116.3566928,
              39.9618884
            ],
            [
              116.3566908,
              39.9619843
            ],
            [
              116.3566495,
              39.9619838
            ],
            [
              116.3566471,
              39.9621003
            ],
            [
              116.3557568,
              39.9620896
            ]
          ]
        ]
      },
      "id": "way/1377379915"
    },
    {
      "type": "Feature",
      "properties": {
        "@id": "way/1377379916",
        "building": "yes"
      },
      "geometry": {
        "type": "Polygon",
        "coordinates": [
          [
            [
              116.3566765,
              39.9620697
            ],
            [
              116.3566805,
              39.9620005
            ],
            [
              116.3567155,
              39.9619948
            ],
            [
              116.3567186,
              39.961941
            ],
            [
              116.35678,
              39.961943
            ],
            [
              116.3567835,
              39.9618827
            ],
            [
              116.3569223,
              39.9618874
            ],
            [
              116.3569114,
              39.9620776
            ],
            [
              116.3566765,
              39.9620697
            ]
          ]
        ]
      },
      "id": "way/1377379916"
    },
    {
      "type": "Feature",
      "properties": {
        "@id": "way/1377379927",
        "amenity": "parking"
      },
      "geometry": {
        "type": "Polygon",
        "coordinates": [
          [
            [
              116.3523627,
              39.9609059
            ],
            [
              116.3523687,
              39.9606709
            ],
            [
              116.3524632,
              39.9606761
            ],
            [
              116.3524555,
              39.9609072
            ],
            [
              116.3523627,
              39.9609059
            ]
          ]
        ]
      },
      "id": "way/1377379927"
    },
    {
      "type": "Feature",
      "properties": {
        "@id": "way/1377379932",
        "amenity": "parking"
      },
      "geometry": {
        "type": "Polygon",
        "coordinates": [
          [
            [
              116.3530638,
              39.9601885
            ],
            [
              116.3530672,
              39.9601047
            ],
            [
              116.3531042,
              39.9601055
            ],
            [
              116.3531008,
              39.9601894
            ],
            [
              116.3530638,
              39.9601885
            ]
          ]
        ]
      },
      "id": "way/1377379932"
    },
    {
      "type": "Feature",
      "properties": {
        "@id": "way/1377379934",
        "building": "yes"
      },
      "geometry": {
        "type": "Polygon",
        "coordinates": [
          [
            [
              116.3529224,
              39.9593382
            ],
            [
              116.3529247,
              39.9592698
            ],
            [
              116.3529561,
              39.9592704
            ],
            [
              116.3530713,
              39.9592727
            ],
            [
              116.353069,
              39.9593411
            ],
            [
              116.3529224,
              39.9593382
            ]
          ]
        ]
      },
      "id": "way/1377379934"
    },
    {
      "type": "Feature",
      "properties": {
        "@id": "way/1377379936",
        "building": "yes"
      },
      "geometry": {
        "type": "Polygon",
        "coordinates": [
          [
            [
              116.3529561,
              39.9592704
            ],
            [
              116.3529555,
              39.9591112
            ],
            [
              116.3530755,
              39.9591136
            ],
            [
              116.3530713,
              39.9592727
            ],
            [
              116.3529561,
              39.9592704
            ]
          ]
        ]
      },
      "id": "way/1377379936"
    },
    {
      "type": "Feature",
      "properties": {
        "@id": "way/1377417927",
        "amenity": "bicycle_parking"
      },
      "geometry": {
        "type": "Polygon",
        "coordinates": [
          [
            [
              116.3508125,
              39.9634965
            ],
            [
              116.3508228,
              39.9632882
            ],
            [
              116.3508526,
              39.9632891
            ],
            [
              116.3508422,
              39.9634974
            ],
            [
              116.3508125,
              39.9634965
            ]
          ]
        ]
      },
      "id": "way/1377417927"
    },
    {
      "type": "Feature",
      "properties": {
        "@id": "way/1377447925",
        "amenity": "parking"
      },
      "geometry": {
        "type": "Polygon",
        "coordinates": [
          [
            [
              116.3491106,
              39.9602856
            ],
            [
              116.3491132,
              39.9602173
            ],
            [
              116.3492534,
              39.9602204
            ],
            [
              116.3492507,
              39.9602887
            ],
            [
              116.3491106,
              39.9602856
            ]
          ]
        ]
      },
      "id": "way/1377447925"
    },
    {
      "type": "Feature",
      "properties": {
        "@id": "way/1377685880",
        "amenity": "parking"
      },
      "geometry": {
        "type": "Polygon",
        "coordinates": [
          [
            [
              116.3532039,
              39.9602465
            ],
            [
              116.3532044,
              39.9602102
            ],
            [
              116.3536507,
              39.9602134
            ],
            [
              116.3536502,
              39.9602498
            ],
            [
              116.3532039,
              39.9602465
            ]
          ]
        ]
      },
      "id": "way/1377685880"
    },
    {
      "type": "Feature",
      "properties": {
        "@id": "way/1377991210",
        "amenity": "charging_station"
      },
      "geometry": {
        "type": "Polygon",
        "coordinates": [
          [
            [
              116.3525023,
              39.9631864
            ],
            [
              116.3525035,
              39.9631528
            ],
            [
              116.3528838,
              39.9631603
            ],
            [
              116.3528826,
              39.9631939
            ],
            [
              116.3525023,
              39.9631864
            ]
          ]
        ]
      },
      "id": "way/1377991210"
    },
    {
      "type": "Feature",
      "properties": {
        "@id": "way/1377991211",
        "amenity": "bicycle_parking"
      },
      "geometry": {
        "type": "Polygon",
        "coordinates": [
          [
            [
              116.3522583,
              39.9631867
            ],
            [
              116.3522665,
              39.9630599
            ],
            [
              116.3523133,
              39.9630617
            ],
            [
              116.3523051,
              39.9631885
            ],
            [
              116.3522583,
              39.9631867
            ]
          ]
        ]
      },
      "id": "way/1377991211"
    },
    {
      "type": "Feature",
      "properties": {
        "@id": "way/1378295869",
        "area": "yes",
        "highway": "pedestrian"
      },
      "geometry": {
        "type": "Polygon",
        "coordinates": [
          [
            [
              116.3510888,
              39.9618575
            ],
            [
              116.3510992,
              39.9616473
            ],
            [
              116.3512735,
              39.9616523
            ],
            [
              116.3512631,
              39.9618626
            ],
            [
              116.3510888,
              39.9618575
            ]
          ]
        ]
      },
      "id": "way/1378295869"
    },
    {
      "type": "Feature",
      "properties": {
        "@id": "way/1378295877",
        "building": "yes"
      },
      "geometry": {
        "type": "Polygon",
        "coordinates": [
          [
            [
              116.3490572,
              39.961004
            ],
            [
              116.3490645,
              39.9608988
            ],
            [
              116.3492032,
              39.9609044
            ],
            [
              116.349196,
              39.9610096
            ],
            [
              116.3490572,
              39.961004
            ]
          ]
        ]
      },
      "id": "way/1378295877"
    },
    {
      "type": "Feature",
      "properties": {
        "@id": "way/1378295879",
        "building": "bungalow"
      },
      "geometry": {
        "type": "Polygon",
        "coordinates": [
          [
            [
              116.3546565,
              39.9609961
            ],
            [
              116.3546596,
              39.9609105
            ],
            [
              116.3547356,
              39.9609121
            ],
            [
              116.3547324,
              39.9609977
            ],
            [
              116.3546565,
              39.9609961
            ]
          ]
        ]
      },
      "id": "way/1378295879"
    },
    {
      "type": "Feature",
      "properties": {
        "@id": "way/1378572134",
        "building": "grandstand"
      },
      "geometry": {
        "type": "Polygon",
        "coordinates": [
          [
            [
              116.3532419,
              39.9597021
            ],
            [
              116.3533091,
              39.958673
            ],
            [
              116.3533894,
              39.9586776
            ],
            [
              116.3533249,
              39.9596874
            ],
            [
              116.3533232,
              39.9597051
            ],
            [
              116.3532419,
              39.9597021
            ]
          ]
        ]
      },
      "id": "way/1378572134"
    },
    {
      "type": "Feature",
      "properties": {
        "@id": "way/1378572150",
        "building": "bungalow"
      },
      "geometry": {
        "type": "Polygon",
        "coordinates": [
          [
            [
              116.3508076,
              39.9635694
            ],
            [
              116.3508548,
              39.9635707
            ],
            [
              116.3508534,
              39.9635998
            ],
            [
              116.3508062,
              39.9635985
            ],
            [
              116.3508076,
              39.9635694
            ]
          ]
        ]
      },
      "id": "way/1378572150"
    },
    {
      "type": "Feature",
      "properties": {
        "@id": "way/1378572157",
        "building": "bungalow"
      },
      "geometry": {
        "type": "Polygon",
        "coordinates": [
          [
            [
              116.3535663,
              39.9600416
            ],
            [
              116.3535675,
              39.9599856
            ],
            [
              116.3536652,
              39.9599868
            ],
            [
              116.353664,
              39.9600428
            ],
            [
              116.3535663,
              39.9600416
            ]
          ]
        ]
      },
      "id": "way/1378572157"
    },
    {
      "type": "Feature",
      "properties": {
        "@id": "way/1378572158",
        "building": "bungalow"
      },
      "geometry": {
        "type": "Polygon",
        "coordinates": [
          [
            [
              116.3536902,
              39.9601764
            ],
            [
              116.3536939,
              39.9600619
            ],
            [
              116.3537856,
              39.9600637
            ],
            [
              116.3537819,
              39.9601782
            ],
            [
              116.3536902,
              39.9601764
            ]
          ]
        ]
      },
      "id": "way/1378572158"
    },
    {
      "type": "Feature",
      "properties": {
        "@id": "way/1378572159",
        "building": "bungalow"
      },
      "geometry": {
        "type": "Polygon",
        "coordinates": [
          [
            [
              116.3535451,
              39.9601926
            ],
            [
              116.3535484,
              39.960112
            ],
            [
              116.3535998,
              39.9601133
            ],
            [
              116.3536025,
              39.9600496
            ],
            [
              116.3536646,
              39.9600511
            ],
            [
              116.3536586,
              39.9601954
            ],
            [
              116.3535451,
              39.9601926
            ]
          ]
        ]
      },
      "id": "way/1378572159"
    },
    {
      "type": "Feature",
      "properties": {
        "@id": "way/1378574611",
        "building": "bungalow"
      },
      "geometry": {
        "type": "Polygon",
        "coordinates": [
          [
            [
              116.3545863,
              39.9632686
            ],
            [
              116.3545858,
              39.9632238
            ],
            [
              116.3546291,
              39.9632235
            ],
            [
              116.3546295,
              39.9632683
            ],
            [
              116.3546183,
              39.9632684
            ],
            [
              116.3545863,
              39.9632686
            ]
          ]
        ]
      },
      "id": "way/1378574611"
    },
    {
      "type": "Feature",
      "properties": {
        "@id": "way/1378574614",
        "amenity": "waste_transfer_station"
      },
      "geometry": {
        "type": "Polygon",
        "coordinates": [
          [
            [
              116.3513214,
              39.9635314
            ],
            [
              116.3513214,
              39.9634447
            ],
            [
              116.3514962,
              39.9634447
            ],
            [
              116.3514914,
              39.9635366
            ],
            [
              116.3513214,
              39.9635314
            ]
          ]
        ]
      },
      "id": "way/1378574614"
    },
    {
      "type": "Feature",
      "properties": {
        "@id": "way/1378616920",
        "amenity": "bicycle_parking"
      },
      "geometry": {
        "type": "Polygon",
        "coordinates": [
          [
            [
              116.3525079,
              39.963096
            ],
            [
              116.3528853,
              39.9631038
            ],
            [
              116.3528841,
              39.9631389
            ],
            [
              116.3525067,
              39.9631312
            ],
            [
              116.3525079,
              39.963096
            ]
          ]
        ]
      },
      "id": "way/1378616920"
    },
    {
      "type": "Feature",
      "properties": {
        "@id": "way/1378616924",
        "amenity": "bench"
      },
      "geometry": {
        "type": "Polygon",
        "coordinates": [
          [
            [
              116.351215,
              39.962123
            ],
            [
              116.3512198,
              39.9621214
            ],
            [
              116.351225,
              39.9621211
            ],
            [
              116.3512301,
              39.962122
            ],
            [
              116.3512349,
              39.9621243
            ],
            [
              116.3512384,
              39.9621278
            ],
            [
              116.3512402,
              39.962132
            ],
            [
              116.35124,
              39.9621364
            ],
            [
              116.3512378,
              39.9621405
            ],
            [
              116.351234,
              39.9621437
            ],
            [
              116.3512289,
              39.9621458
            ],
            [
              116.3512232,
              39.9621464
            ],
            [
              116.3512181,
              39.9621456
            ],
            [
              116.3512135,
              39.9621436
            ],
            [
              116.35121,
              39.9621407
            ],
            [
              116.3512079,
              39.962137
            ],
            [
              116.3512073,
              39.962133
            ],
            [
              116.3512084,
              39.9621291
            ],
            [
              116.3512111,
              39.9621257
            ],
            [
              116.351215,
              39.962123
            ]
          ]
        ]
      },
      "id": "way/1378616924"
    },
    {
      "type": "Feature",
      "properties": {
        "@id": "way/1378616925",
        "amenity": "bench"
      },
      "geometry": {
        "type": "Polygon",
        "coordinates": [
          [
            [
              116.3512184,
              39.9620537
            ],
            [
              116.3512231,
              39.962052
            ],
            [
              116.3512283,
              39.9620515
            ],
            [
              116.3512334,
              39.9620522
            ],
            [
              116.3512383,
              39.9620544
            ],
            [
              116.351242,
              39.9620578
            ],
            [
              116.351244,
              39.9620619
            ],
            [
              116.351244,
              39.9620663
            ],
            [
              116.351242,
              39.9620705
            ],
            [
              116.3512383,
              39.9620738
            ],
            [
              116.3512333,
              39.962076
            ],
            [
              116.3512277,
              39.9620768
            ],
            [
              116.3512225,
              39.9620761
            ],
            [
              116.3512179,
              39.9620743
            ],
            [
              116.3512142,
              39.9620715
            ],
            [
              116.3512119,
              39.9620679
            ],
            [
              116.3512112,
              39.9620639
            ],
            [
              116.3512121,
              39.96206
            ],
            [
              116.3512146,
              39.9620564
            ],
            [
              116.3512184,
              39.9620537
            ]
          ]
        ]
      },
      "id": "way/1378616925"
    },
    {
      "type": "Feature",
      "properties": {
        "@id": "way/1379283587",
        "area": "yes",
        "highway": "pedestrian"
      },
      "geometry": {
        "type": "Polygon",
        "coordinates": [
          [
            [
              116.3519631,
              39.963391
            ],
            [
              116.3519735,
              39.9631947
            ],
            [
              116.3523348,
              39.9632059
            ],
            [
              116.3523807,
              39.9632073
            ],
            [
              116.3523762,
              39.9632908
            ],
            [
              116.3523703,
              39.9634037
            ],
            [
              116.3519631,
              39.963391
            ]
          ]
        ]
      },
      "id": "way/1379283587"
    },
    {
      "type": "Feature",
      "properties": {
        "@id": "way/1382205271",
        "amenity": "bicycle_parking",
        "bicycle_parking": "shed",
        "building": "yes"
      },
      "geometry": {
        "type": "Polygon",
        "coordinates": [
          [
            [
              116.3546995,
              39.960878
            ],
            [
              116.3547368,
              39.9602847
            ],
            [
              116.3547705,
              39.9602847
            ],
            [
              116.3547348,
              39.9608781
            ],
            [
              116.3546995,
              39.960878
            ]
          ]
        ]
      },
      "id": "way/1382205271"
    },
    {
      "type": "Feature",
      "properties": {
        "@id": "way/24399537",
        "highway": "secondary",
        "name": "学院南路",
        "name:en": "Xueyuan South Road",
        "name:zh": "学院南路",
        "name:zh-Hans": "学院南路",
        "name:zh-Hant": "學院南路",
        "oneway": "yes"
      },
      "geometry": {
        "type": "LineString",
        "coordinates": [
          [
            116.3474322,
            39.9568186
          ],
          [
            116.3466093,
            39.9567846
          ],
          [
            116.3458314,
            39.9567256
          ],
          [
            116.3457659,
            39.956723
          ]
        ]
      },
      "id": "way/24399537"
    },
    {
      "type": "Feature",
      "properties": {
        "@id": "way/26679441",
        "bridge": "yes",
        "highway": "trunk",
        "layer": "1",
        "name": "西直门北大街",
        "name:en": "Xizhimen North Street",
        "name:zh": "西直门北大街",
        "name:zh-Hans": "西直门北大街",
        "name:zh-Hant": "西直門北大街",
        "oneway": "yes"
      },
      "geometry": {
        "type": "LineString",
        "coordinates": [
          [
            116.3475698,
            39.9585296
          ],
          [
            116.3484527,
            39.956954
          ],
          [
            116.3487328,
            39.9564599
          ],
          [
            116.3488116,
            39.9561172
          ],
          [
            116.3488889,
            39.9547552
          ]
        ]
      },
      "id": "way/26679441"
    },
    {
      "type": "Feature",
      "properties": {
        "@id": "way/30784024",
        "highway": "tertiary_link",
        "oneway": "yes"
      },
      "geometry": {
        "type": "LineString",
        "coordinates": [
          [
            116.3551108,
            39.9566326
          ],
          [
            116.3551539,
            39.9565525
          ]
        ]
      },
      "id": "way/30784024"
    },
    {
      "type": "Feature",
      "properties": {
        "@id": "way/42400191",
        "highway": "residential",
        "int_name": "Minguang Donglu",
        "name": "明光东路",
        "name:en": "East Mingguang Road",
        "name:zh": "明光东路",
        "name:zh-Hans": "明光东路",
        "name:zh-Hant": "明光東路"
      },
      "geometry": {
        "type": "LineString",
        "coordinates": [
          [
            116.3428476,
            39.962387
          ],
          [
            116.343516,
            39.9623833
          ],
          [
            116.3437745,
            39.9624172
          ],
          [
            116.3446409,
            39.9625187
          ],
          [
            116.3450779,
            39.9625395
          ],
          [
            116.3453911,
            39.9625331
          ],
          [
            116.3455265,
            39.96247
          ],
          [
            116.3469769,
            39.9624976
          ],
          [
            116.3470437,
            39.9624989
          ]
        ]
      },
      "id": "way/42400191"
    },
    {
      "type": "Feature",
      "properties": {
        "@id": "way/42400211",
        "highway": "tertiary",
        "int_name": "Wenhuiyuan Beilu",
        "name": "文慧园北路",
        "name:en": "Wenhuiyuan North",
        "name:zh": "文慧园北路",
        "name:zh-Hans": "文慧园北路",
        "name:zh-Hant": "文慧園北路"
      },
      "geometry": {
        "type": "LineString",
        "coordinates": [
          [
            116.3553907,
            39.95098
          ],
          [
            116.3553494,
            39.9529414
          ],
          [
            116.3553434,
            39.9532274
          ],
          [
            116.3552721,
            39.9544993
          ],
          [
            116.3552498,
            39.9548975
          ],
          [
            116.3552167,
            39.9554512
          ],
          [
            116.355163,
            39.9563948
          ],
          [
            116.3551591,
            39.9564543
          ],
          [
            116.3551581,
            39.9564801
          ],
          [
            116.3551539,
            39.9565525
          ]
        ]
      },
      "id": "way/42400211"
    },
    {
      "type": "Feature",
      "properties": {
        "@id": "way/42400216",
        "highway": "tertiary",
        "name": "文慧园西路",
        "name:en": "East Wenhuiyuan Road"
      },
      "geometry": {
        "type": "LineString",
        "coordinates": [
          [
            116.3520834,
            39.9508656
          ],
          [
            116.3519003,
            39.9514002
          ],
          [
            116.3518425,
            39.9517837
          ],
          [
            116.3517617,
            39.9525236
          ],
          [
            116.3517571,
            39.9526451
          ],
          [
            116.3517954,
            39.9527461
          ],
          [
            116.3519239,
            39.9528034
          ],
          [
            116.3523085,
            39.952884
          ],
          [
            116.3523901,
            39.9529213
          ],
          [
            116.352433,
            39.9530099
          ],
          [
            116.3523724,
            39.9540814
          ],
          [
            116.352337,
            39.9542472
          ],
          [
            116.352254,
            39.9545957
          ],
          [
            116.3521378,
            39.9547973
          ],
          [
            116.3520382,
            39.9554188
          ],
          [
            116.3519884,
            39.9557292
          ],
          [
            116.3519691,
            39.9564946
          ],
          [
            116.3519675,
            39.9565594
          ],
          [
            116.3519669,
            39.9566491
          ]
        ]
      },
      "id": "way/42400216"
    },
    {
      "type": "Feature",
      "properties": {
        "@id": "way/106617830",
        "highway": "residential"
      },
      "geometry": {
        "type": "LineString",
        "coordinates": [
          [
            116.3554152,
            39.9635948
          ],
          [
            116.3554231,
            39.963462
          ]
        ]
      },
      "id": "way/106617830"
    },
    {
      "type": "Feature",
      "properties": {
        "@id": "way/106617831",
        "highway": "service",
        "name": "晨曦路",
        "name:en": "Chenxi Road",
        "name:zh": "晨曦路",
        "name:zh-Hans": "晨曦路",
        "name:zh-Hant": "晨曦路"
      },
      "geometry": {
        "type": "LineString",
        "coordinates": [
          [
            116.3550749,
            39.9589758
          ],
          [
            116.355182,
            39.9589745
          ],
          [
            116.3553032,
            39.9589743
          ],
          [
            116.3559191,
            39.9589726
          ],
          [
            116.3561245,
            39.9589721
          ],
          [
            116.3571282,
            39.9589691
          ],
          [
            116.3573084,
            39.9589692
          ],
          [
            116.3573931,
            39.9589683
          ],
          [
            116.3587313,
            39.9589667
          ],
          [
            116.3587813,
            39.9589644
          ],
          [
            116.3588131,
            39.9589643
          ],
          [
            116.3593347,
            39.9589628
          ],
          [
            116.3596243,
            39.9589619
          ],
          [
            116.3598013,
            39.9589614
          ],
          [
            116.3601514,
            39.9589604
          ],
          [
            116.3603364,
            39.9589599
          ]
        ]
      },
      "id": "way/106617831"
    },
    {
      "type": "Feature",
      "properties": {
        "@id": "way/106617832",
        "highway": "service",
        "name": "立身路",
        "name:en": "Lisheng Road",
        "name:zh": "立身路",
        "name:zh-Hans": "立身路",
        "name:zh-Hant": "立身路"
      },
      "geometry": {
        "type": "LineString",
        "coordinates": [
          [
            116.3551305,
            39.9579211
          ],
          [
            116.3552147,
            39.9579259
          ],
          [
            116.3555766,
            39.9579255
          ],
          [
            116.3557858,
            39.9579272
          ],
          [
            116.3559134,
            39.9579686
          ],
          [
            116.3560027,
            39.9579681
          ],
          [
            116.3561183,
            39.9579623
          ],
          [
            116.3564133,
            39.9579553
          ],
          [
            116.3570062,
            39.9579559
          ],
          [
            116.3571259,
            39.9579557
          ],
          [
            116.3573928,
            39.9579551
          ],
          [
            116.3574868,
            39.9579522
          ],
          [
            116.3587743,
            39.9579504
          ],
          [
            116.3588283,
            39.9579521
          ],
          [
            116.3591512,
            39.957949
          ],
          [
            116.3599786,
            39.9579454
          ],
          [
            116.3604196,
            39.9579411
          ]
        ]
      },
      "id": "way/106617832"
    },
    {
      "type": "Feature",
      "properties": {
        "@id": "way/106617835",
        "highway": "service"
      },
      "geometry": {
        "type": "LineString",
        "coordinates": [
          [
            116.3559191,
            39.9589726
          ],
          [
            116.3559167,
            39.9584043
          ],
          [
            116.3559162,
            39.9582938
          ],
          [
            116.3559159,
            39.9582113
          ],
          [
            116.3559134,
            39.9579686
          ]
        ]
      },
      "id": "way/106617835"
    },
    {
      "type": "Feature",
      "properties": {
        "@id": "way/106617836",
        "highway": "service"
      },
      "geometry": {
        "type": "LineString",
        "coordinates": [
          [
            116.3561245,
            39.9589721
          ],
          [
            116.3561116,
            39.9592047
          ],
          [
            116.3560826,
            39.9595274
          ],
          [
            116.3560375,
            39.9599532
          ],
          [
            116.3559873,
            39.9603466
          ],
          [
            116.355943,
            39.9608668
          ],
          [
            116.3559007,
            39.9608634
          ],
          [
            116.3558956,
            39.9609138
          ],
          [
            116.3558585,
            39.961282
          ],
          [
            116.3558526,
            39.9613406
          ]
        ]
      },
      "id": "way/106617836"
    },
    {
      "type": "Feature",
      "properties": {
        "@id": "way/106617841",
        "highway": "service"
      },
      "geometry": {
        "type": "LineString",
        "coordinates": [
          [
            116.3492826,
            39.9609008
          ],
          [
            116.3496785,
            39.9609107
          ],
          [
            116.3501004,
            39.9609213
          ],
          [
            116.3505472,
            39.9609346
          ],
          [
            116.3510315,
            39.960949
          ],
          [
            116.351159,
            39.9609512
          ],
          [
            116.3512132,
            39.9609521
          ],
          [
            116.3514553,
            39.9609562
          ],
          [
            116.3516598,
            39.9609596
          ],
          [
            116.3517754,
            39.9609637
          ],
          [
            116.3518971,
            39.960968
          ],
          [
            116.3525235,
            39.9609901
          ],
          [
            116.3525442,
            39.9609907
          ],
          [
            116.3539297,
            39.9610333
          ],
          [
            116.3542143,
            39.961042
          ],
          [
            116.3544578,
            39.9610462
          ],
          [
            116.3547021,
            39.9610504
          ],
          [
            116.3547107,
            39.9610501
          ],
          [
            116.3547238,
            39.9610495
          ],
          [
            116.3547549,
            39.9610483
          ],
          [
            116.3548689,
            39.9610513
          ],
          [
            116.3549603,
            39.9610523
          ]
        ]
      },
      "id": "way/106617841"
    },
    {
      "type": "Feature",
      "properties": {
        "@id": "way/106620115",
        "bridge": "yes",
        "highway": "steps",
        "layer": "1"
      },
      "geometry": {
        "type": "LineString",
        "coordinates": [
          [
            116.3486201,
            39.9604686
          ],
          [
            116.3486332,
            39.9602904
          ],
          [
            116.3486426,
            39.9600956
          ]
        ]
      },
      "id": "way/106620115"
    },
    {
      "type": "Feature",
      "properties": {
        "@id": "way/106620119",
        "bridge": "yes",
        "highway": "footway",
        "layer": "1",
        "maxweight": "15"
      },
      "geometry": {
        "type": "LineString",
        "coordinates": [
          [
            116.3476918,
            39.9599561
          ],
          [
            116.3478947,
            39.9599623
          ]
        ]
      },
      "id": "way/106620119"
    },
    {
      "type": "Feature",
      "properties": {
        "@id": "way/106620124",
        "bridge": "yes",
        "highway": "steps",
        "layer": "1"
      },
      "geometry": {
        "type": "LineString",
        "coordinates": [
          [
            116.347061,
            39.9605479
          ],
          [
            116.3470687,
            39.9603825
          ],
          [
            116.3470816,
            39.9601097
          ]
        ]
      },
      "id": "way/106620124"
    },
    {
      "type": "Feature",
      "properties": {
        "@id": "way/106620127",
        "bridge": "yes",
        "highway": "footway",
        "layer": "1"
      },
      "geometry": {
        "type": "LineString",
        "coordinates": [
          [
            116.3470687,
            39.9603825
          ],
          [
            116.3473945,
            39.9603938
          ]
        ]
      },
      "id": "way/106620127"
    },
    {
      "type": "Feature",
      "properties": {
        "@id": "way/106620129",
        "highway": "footway"
      },
      "geometry": {
        "type": "LineString",
        "coordinates": [
          [
            116.3478947,
            39.9599623
          ],
          [
            116.3479158,
            39.9599627
          ],
          [
            116.3482564,
            39.9599723
          ],
          [
            116.3482869,
            39.9599732
          ],
          [
            116.3486569,
            39.9599831
          ]
        ]
      },
      "id": "way/106620129"
    },
    {
      "type": "Feature",
      "properties": {
        "@id": "way/106620130",
        "bridge": "yes",
        "highway": "steps",
        "layer": "1"
      },
      "geometry": {
        "type": "LineString",
        "coordinates": [
          [
            116.3473876,
            39.9605576
          ],
          [
            116.3473945,
            39.9603938
          ],
          [
            116.3474054,
            39.9601317
          ]
        ]
      },
      "id": "way/106620130"
    },
    {
      "type": "Feature",
      "properties": {
        "@id": "way/106620132",
        "footway": "sidewalk",
        "highway": "footway"
      },
      "geometry": {
        "type": "LineString",
        "coordinates": [
          [
            116.3474054,
            39.9601317
          ],
          [
            116.3474104,
            39.9599477
          ],
          [
            116.347446,
            39.9592613
          ]
        ]
      },
      "id": "way/106620132"
    },
    {
      "type": "Feature",
      "properties": {
        "@id": "way/106620139",
        "bridge": "yes",
        "highway": "footway",
        "layer": "1"
      },
      "geometry": {
        "type": "LineString",
        "coordinates": [
          [
            116.3486332,
            39.9602904
          ],
          [
            116.3490026,
            39.9603069
          ]
        ]
      },
      "id": "way/106620139"
    },
    {
      "type": "Feature",
      "properties": {
        "@id": "way/120491941",
        "highway": "trunk_link",
        "oneway": "yes"
      },
      "geometry": {
        "type": "LineString",
        "coordinates": [
          [
            116.3489692,
            39.9589794
          ],
          [
            116.34889,
            39.9592366
          ],
          [
            116.3488127,
            39.9599117
          ]
        ]
      },
      "id": "way/120491941"
    },
    {
      "type": "Feature",
      "properties": {
        "@id": "way/120491942",
        "highway": "trunk_link",
        "oneway": "yes"
      },
      "geometry": {
        "type": "LineString",
        "coordinates": [
          [
            116.3470514,
            39.9642366
          ],
          [
            116.3471527,
            39.9638588
          ]
        ]
      },
      "id": "way/120491942"
    },
    {
      "type": "Feature",
      "properties": {
        "@id": "way/120491945",
        "highway": "trunk_link",
        "oneway": "yes"
      },
      "geometry": {
        "type": "LineString",
        "coordinates": [
          [
            116.3473402,
            39.9598467
          ],
          [
            116.3472461,
            39.9591143
          ]
        ]
      },
      "id": "way/120491945"
    },
    {
      "type": "Feature",
      "properties": {
        "@id": "way/120491953",
        "highway": "tertiary_link",
        "oneway": "yes"
      },
      "geometry": {
        "type": "LineString",
        "coordinates": [
          [
            116.3469281,
            39.9647272
          ],
          [
            116.3469898,
            39.9638749
          ]
        ]
      },
      "id": "way/120491953"
    },
    {
      "type": "Feature",
      "properties": {
        "@id": "way/120491968",
        "bridge": "yes",
        "highway": "footway"
      },
      "geometry": {
        "type": "LineString",
        "coordinates": [
          [
            116.3474184,
            39.9637068
          ],
          [
            116.3476843,
            39.9637127
          ]
        ]
      },
      "id": "way/120491968"
    },
    {
      "type": "Feature",
      "properties": {
        "@id": "way/120491974",
        "highway": "tertiary",
        "oneway": "yes"
      },
      "geometry": {
        "type": "LineString",
        "coordinates": [
          [
            116.3473934,
            39.9584166
          ],
          [
            116.3474165,
            39.9570575
          ],
          [
            116.3474199,
            39.9569604
          ],
          [
            116.3474322,
            39.9568186
          ]
        ]
      },
      "id": "way/120491974"
    },
    {
      "type": "Feature",
      "properties": {
        "@id": "way/120491985",
        "highway": "steps",
        "layer": "-1",
        "tunnel": "yes"
      },
      "geometry": {
        "type": "LineString",
        "coordinates": [
          [
            116.3473221,
            39.9640317
          ],
          [
            116.3473272,
            39.963931
          ],
          [
            116.3473326,
            39.9638245
          ]
        ]
      },
      "id": "way/120491985"
    },
    {
      "type": "Feature",
      "properties": {
        "@id": "way/120491986",
        "footway": "sidewalk",
        "highway": "footway"
      },
      "geometry": {
        "type": "LineString",
        "coordinates": [
          [
            116.3486201,
            39.9604686
          ],
          [
            116.3486184,
            39.9605089
          ],
          [
            116.3484812,
            39.9637284
          ],
          [
            116.3484523,
            39.9648516
          ],
          [
            116.3484133,
            39.9648849
          ],
          [
            116.3483862,
            39.9649081
          ],
          [
            116.348372,
            39.9651749
          ],
          [
            116.348395,
            39.9651842
          ],
          [
            116.3484258,
            39.9651966
          ],
          [
            116.3484244,
            39.9652219
          ],
          [
            116.3483596,
            39.9660833
          ]
        ]
      },
      "id": "way/120491986"
    },
    {
      "type": "Feature",
      "properties": {
        "@id": "way/120491992",
        "highway": "footway"
      },
      "geometry": {
        "type": "LineString",
        "coordinates": [
          [
            116.3473326,
            39.9638245
          ],
          [
            116.3473306,
            39.9637034
          ]
        ]
      },
      "id": "way/120491992"
    },
    {
      "type": "Feature",
      "properties": {
        "@id": "way/120492007",
        "highway": "trunk",
        "name": "西土城路",
        "name:en": "Xitucheng Road",
        "name:zh": "西土城路",
        "name:zh-Hans": "西土城路",
        "name:zh-Hant": "西土城路",
        "oneway": "yes"
      },
      "geometry": {
        "type": "LineString",
        "coordinates": [
          [
            116.3488619,
            39.9585562
          ],
          [
            116.3488127,
            39.9599117
          ]
        ]
      },
      "id": "way/120492007"
    },
    {
      "type": "Feature",
      "properties": {
        "@id": "way/136702243",
        "highway": "tertiary_link",
        "oneway": "yes"
      },
      "geometry": {
        "type": "LineString",
        "coordinates": [
          [
            116.349074,
            39.9565666
          ],
          [
            116.3490707,
            39.9566624
          ]
        ]
      },
      "id": "way/136702243"
    },
    {
      "type": "Feature",
      "properties": {
        "@id": "way/136702244",
        "highway": "tertiary_link",
        "oneway": "yes"
      },
      "geometry": {
        "type": "LineString",
        "coordinates": [
          [
            116.3483872,
            39.9567884
          ],
          [
            116.3484624,
            39.9566814
          ]
        ]
      },
      "id": "way/136702244"
    },
    {
      "type": "Feature",
      "properties": {
        "@id": "way/136702352",
        "highway": "footway"
      },
      "geometry": {
        "type": "LineString",
        "coordinates": [
          [
            116.3468601,
            39.9647449
          ],
          [
            116.3469194,
            39.964062
          ],
          [
            116.3469207,
            39.9640298
          ],
          [
            116.34693,
            39.9638067
          ],
          [
            116.3469353,
            39.963678
          ],
          [
            116.3469556,
            39.9631012
          ],
          [
            116.3469683,
            39.962742
          ]
        ]
      },
      "id": "way/136702352"
    },
    {
      "type": "Feature",
      "properties": {
        "@id": "way/136867391",
        "highway": "trunk_link",
        "name": "西土城路",
        "name:en": "Xitucheng Road",
        "name:zh": "西土城路",
        "name:zh-Hans": "西土城路",
        "name:zh-Hant": "西土城路",
        "oneway": "yes"
      },
      "geometry": {
        "type": "LineString",
        "coordinates": [
          [
            116.3473428,
            39.9653029
          ],
          [
            116.3473342,
            39.9649952
          ],
          [
            116.3471527,
            39.9638588
          ],
          [
            116.3473402,
            39.9598467
          ]
        ]
      },
      "id": "way/136867391"
    },
    {
      "type": "Feature",
      "properties": {
        "@id": "way/136867416",
        "highway": "tertiary",
        "name": "西土城路",
        "name:zh": "西土城路",
        "name:zh-Hans": "西土城路",
        "name:zh-Hant": "西土城路",
        "oneway": "yes"
      },
      "geometry": {
        "type": "LineString",
        "coordinates": [
          [
            116.3469898,
            39.9638749
          ],
          [
            116.3469973,
            39.9636802
          ],
          [
            116.3470281,
            39.9628953
          ],
          [
            116.3470437,
            39.9624989
          ],
          [
            116.3472303,
            39.9594521
          ],
          [
            116.3472461,
            39.9591143
          ]
        ]
      },
      "id": "way/136867416"
    },
    {
      "type": "Feature",
      "properties": {
        "@id": "way/144929505",
        "highway": "trunk",
        "name": "西土城路",
        "name:en": "Xitucheng Road",
        "name:zh": "西土城路",
        "name:zh-Hans": "西土城路",
        "name:zh-Hant": "西土城路",
        "oneway": "yes"
      },
      "geometry": {
        "type": "LineString",
        "coordinates": [
          [
            116.3488127,
            39.9599117
          ],
          [
            116.3487845,
            39.9603917
          ],
          [
            116.3486476,
            39.9626906
          ],
          [
            116.3485975,
            39.9638123
          ],
          [
            116.348596,
            39.9639465
          ]
        ]
      },
      "id": "way/144929505"
    },
    {
      "type": "Feature",
      "properties": {
        "@id": "way/144929525",
        "highway": "tertiary",
        "name": "西土城路",
        "name:en": "Xitucheng Road",
        "name:zh": "西土城路",
        "name:zh-Hans": "西土城路",
        "name:zh-Hant": "西土城路",
        "oneway": "yes"
      },
      "geometry": {
        "type": "LineString",
        "coordinates": [
          [
            116.3489692,
            39.9589794
          ],
          [
            116.3489484,
            39.959486
          ],
          [
            116.3489492,
            39.9597868
          ],
          [
            116.3488044,
            39.9629788
          ],
          [
            116.348767,
            39.9635742
          ],
          [
            116.348714,
            39.9642239
          ]
        ]
      },
      "id": "way/144929525"
    },
    {
      "type": "Feature",
      "properties": {
        "@id": "way/156469313",
        "highway": "secondary",
        "name": "学院南路",
        "name:en": "South Xueyuan Road",
        "name:zh": "学院南路",
        "name:zh-Hans": "学院南路",
        "name:zh-Hant": "學院南路",
        "oneway": "yes"
      },
      "geometry": {
        "type": "LineString",
        "coordinates": [
          [
            116.3648266,
            39.956616
          ],
          [
            116.3627411,
            39.956619
          ],
          [
            116.3626659,
            39.9566191
          ],
          [
            116.3620068,
            39.95662
          ],
          [
            116.3605274,
            39.9566221
          ],
          [
            116.3588233,
            39.9566254
          ],
          [
            116.3553583,
            39.956632
          ],
          [
            116.3553055,
            39.9566321
          ],
          [
            116.3551955,
            39.9566323
          ]
        ]
      },
      "id": "way/156469313"
    },
    {
      "type": "Feature",
      "properties": {
        "@id": "way/156469314",
        "highway": "secondary_link",
        "maxheight": "4",
        "oneway": "yes"
      },
      "geometry": {
        "type": "LineString",
        "coordinates": [
          [
            116.3484624,
            39.9566814
          ],
          [
            116.3488048,
            39.9566198
          ],
          [
            116.349074,
            39.9565666
          ]
        ]
      },
      "id": "way/156469314"
    },
    {
      "type": "Feature",
      "properties": {
        "@id": "way/159794804",
        "highway": "trunk_link",
        "name": "西土城路",
        "name:en": "Xitucheng Road",
        "oneway": "yes"
      },
      "geometry": {
        "type": "LineString",
        "coordinates": [
          [
            116.3473402,
            39.9598467
          ],
          [
            116.3474116,
            39.9590571
          ],
          [
            116.3475496,
            39.9585971
          ],
          [
            116.3475698,
            39.9585296
          ]
        ]
      },
      "id": "way/159794804"
    },
    {
      "type": "Feature",
      "properties": {
        "@id": "way/159794841",
        "highway": "tertiary",
        "name": "西土城路",
        "oneway": "yes"
      },
      "geometry": {
        "type": "LineString",
        "coordinates": [
          [
            116.3472461,
            39.9591143
          ],
          [
            116.3472783,
            39.9588019
          ],
          [
            116.347367,
            39.9585049
          ],
          [
            116.3473934,
            39.9584166
          ]
        ]
      },
      "id": "way/159794841"
    },
    {
      "type": "Feature",
      "properties": {
        "@id": "way/163054825",
        "highway": "secondary",
        "name": "学院南路",
        "name:en": "South Xueyuan Road",
        "name:zh": "学院南路",
        "name:zh-Hans": "学院南路",
        "name:zh-Hant": "學院南路",
        "oneway": "yes"
      },
      "geometry": {
        "type": "LineString",
        "coordinates": [
          [
            116.3551539,
            39.9565525
          ],
          [
            116.3553083,
            39.9565519
          ],
          [
            116.3588231,
            39.9565386
          ],
          [
            116.3593836,
            39.9565365
          ],
          [
            116.3594406,
            39.9565363
          ],
          [
            116.3595253,
            39.956536
          ],
          [
            116.3618137,
            39.9565275
          ],
          [
            116.3626662,
            39.9565244
          ],
          [
            116.362746,
            39.9565241
          ],
          [
            116.3648368,
            39.9565163
          ]
        ]
      },
      "id": "way/163054825"
    },
    {
      "type": "Feature",
      "properties": {
        "@id": "way/163054830",
        "highway": "tertiary",
        "name": "西土城路",
        "name:zh": "西土城路",
        "name:zh-Hans": "西土城路",
        "name:zh-Hant": "西土城路",
        "oneway": "yes"
      },
      "geometry": {
        "type": "LineString",
        "coordinates": [
          [
            116.3490707,
            39.9566624
          ],
          [
            116.3490685,
            39.9567234
          ],
          [
            116.3490592,
            39.9569347
          ],
          [
            116.3490483,
            39.9571831
          ],
          [
            116.3490333,
            39.9575229
          ],
          [
            116.3489692,
            39.9589794
          ]
        ]
      },
      "id": "way/163054830"
    },
    {
      "type": "Feature",
      "properties": {
        "@id": "way/163054834",
        "highway": "tertiary",
        "name": "西直门北大街",
        "name:zh": "西直门北大街",
        "name:zh-Hans": "西直门北大街",
        "name:zh-Hant": "西直門北大街",
        "oneway": "yes"
      },
      "geometry": {
        "type": "LineString",
        "coordinates": [
          [
            116.3492085,
            39.9538977
          ],
          [
            116.3491435,
            39.9548478
          ],
          [
            116.349087,
            39.9561132
          ],
          [
            116.3490818,
            39.9563444
          ],
          [
            116.3490785,
            39.9564383
          ],
          [
            116.3490768,
            39.9564858
          ],
          [
            116.349074,
            39.9565666
          ]
        ]
      },
      "id": "way/163054834"
    },
    {
      "type": "Feature",
      "properties": {
        "@id": "way/163054835",
        "highway": "tertiary",
        "name": "西直门北大街",
        "name:zh": "西直门北大街",
        "name:zh-Hans": "西直门北大街",
        "name:zh-Hant": "西直門北大街",
        "oneway": "yes"
      },
      "geometry": {
        "type": "LineString",
        "coordinates": [
          [
            116.3484624,
            39.9566814
          ],
          [
            116.348509,
            39.9566218
          ],
          [
            116.3486612,
            39.9563406
          ],
          [
            116.3487085,
            39.9561038
          ],
          [
            116.3487301,
            39.9558226
          ],
          [
            116.3487384,
            39.9552269
          ],
          [
            116.3487415,
            39.9550015
          ],
          [
            116.3487517,
            39.9548183
          ]
        ]
      },
      "id": "way/163054835"
    },
    {
      "type": "Feature",
      "properties": {
        "@id": "way/163056989",
        "highway": "tertiary",
        "name": "杏坛路",
        "name:en": "Xingtan Road",
        "name:zh": "杏坛路",
        "name:zh-Hans": "杏坛路",
        "name:zh-Hant": "杏壇路",
        "oneway": "yes"
      },
      "geometry": {
        "type": "LineString",
        "coordinates": [
          [
            116.3550023,
            39.9602893
          ],
          [
            116.3549636,
            39.9609896
          ],
          [
            116.3549603,
            39.9610523
          ],
          [
            116.3549486,
            39.9612978
          ],
          [
            116.3549435,
            39.9614096
          ],
          [
            116.3548636,
            39.9632064
          ],
          [
            116.3548312,
            39.9637552
          ]
        ]
      },
      "id": "way/163056989"
    },
    {
      "type": "Feature",
      "properties": {
        "@id": "way/163056991",
        "highway": "tertiary",
        "name": "杏坛路",
        "name:en": "Xingtan Road",
        "name:zh": "杏坛路",
        "name:zh-Hans": "杏坛路",
        "name:zh-Hant": "杏壇路",
        "oneway": "yes"
      },
      "geometry": {
        "type": "LineString",
        "coordinates": [
          [
            116.3546284,
            39.9661644
          ],
          [
            116.3546983,
            39.9646515
          ],
          [
            116.3547449,
            39.963754
          ],
          [
            116.3547785,
            39.9632049
          ],
          [
            116.3548538,
            39.9614061
          ],
          [
            116.3548585,
            39.9612941
          ],
          [
            116.3548689,
            39.9610513
          ],
          [
            116.3548706,
            39.9609902
          ],
          [
            116.355026,
            39.9579151
          ],
          [
            116.3550935,
            39.9568504
          ],
          [
            116.3550955,
            39.9568073
          ],
          [
            116.3551042,
            39.9567107
          ],
          [
            116.3551108,
            39.9566326
          ]
        ]
      },
      "id": "way/163056991"
    },
    {
      "type": "Feature",
      "properties": {
        "@id": "way/163056998",
        "highway": "tertiary_link",
        "oneway": "yes"
      },
      "geometry": {
        "type": "LineString",
        "coordinates": [
          [
            116.3551539,
            39.9565525
          ],
          [
            116.3551955,
            39.9566323
          ]
        ]
      },
      "id": "way/163056998"
    },
    {
      "type": "Feature",
      "properties": {
        "@id": "way/163057024",
        "highway": "footway"
      },
      "geometry": {
        "type": "LineString",
        "coordinates": [
          [
            116.3508374,
            39.9567925
          ],
          [
            116.3508374,
            39.9567224
          ],
          [
            116.3508374,
            39.9566549
          ],
          [
            116.3508374,
            39.9565618
          ],
          [
            116.3508374,
            39.9564975
          ],
          [
            116.3508374,
            39.9564444
          ]
        ]
      },
      "id": "way/163057024"
    },
    {
      "type": "Feature",
      "properties": {
        "@id": "way/163057027",
        "highway": "tertiary",
        "oneway": "yes"
      },
      "geometry": {
        "type": "LineString",
        "coordinates": [
          [
            116.3649393,
            39.9566999
          ],
          [
            116.3648202,
            39.9566842
          ],
          [
            116.364083,
            39.956686
          ],
          [
            116.3627376,
            39.9566885
          ],
          [
            116.3626657,
            39.9566886
          ],
          [
            116.3605217,
            39.9566921
          ],
          [
            116.3588235,
            39.9566976
          ],
          [
            116.3553556,
            39.9567081
          ],
          [
            116.3553027,
            39.9567082
          ],
          [
            116.3551916,
            39.9567085
          ],
          [
            116.3551042,
            39.9567107
          ],
          [
            116.3549687,
            39.9567108
          ],
          [
            116.3518342,
            39.9567196
          ],
          [
            116.3508374,
            39.9567224
          ],
          [
            116.3492348,
            39.9567233
          ],
          [
            116.3490685,
            39.9567234
          ],
          [
            116.3483872,
            39.9567884
          ]
        ]
      },
      "id": "way/163057027"
    },
    {
      "type": "Feature",
      "properties": {
        "@id": "way/165168943",
        "highway": "trunk_link",
        "oneway": "yes"
      },
      "geometry": {
        "type": "LineString",
        "coordinates": [
          [
            116.3486476,
            39.9626906
          ],
          [
            116.3488044,
            39.9629788
          ]
        ]
      },
      "id": "way/165168943"
    },
    {
      "type": "Feature",
      "properties": {
        "@id": "way/165168944",
        "highway": "tertiary_link",
        "maxheight": "3",
        "oneway": "yes"
      },
      "geometry": {
        "type": "LineString",
        "coordinates": [
          [
            116.3490179,
            39.9563427
          ],
          [
            116.3488697,
            39.9565354
          ],
          [
            116.3488048,
            39.9566198
          ],
          [
            116.3486764,
            39.9567267
          ]
        ]
      },
      "id": "way/165168944"
    },
    {
      "type": "Feature",
      "properties": {
        "@id": "way/170476550",
        "highway": "footway"
      },
      "geometry": {
        "type": "LineString",
        "coordinates": [
          [
            116.3468989,
            39.9638057
          ],
          [
            116.34693,
            39.9638067
          ]
        ]
      },
      "id": "way/170476550"
    },
    {
      "type": "Feature",
      "properties": {
        "@id": "way/170476553",
        "highway": "residential"
      },
      "geometry": {
        "type": "LineString",
        "coordinates": [
          [
            116.3469973,
            39.9636802
          ],
          [
            116.3469353,
            39.963678
          ],
          [
            116.3467835,
            39.9636693
          ],
          [
            116.346534,
            39.9636549
          ]
        ]
      },
      "id": "way/170476553"
    },
    {
      "type": "Feature",
      "properties": {
        "@id": "way/170476560",
        "highway": "footway"
      },
      "geometry": {
        "type": "LineString",
        "coordinates": [
          [
            116.3474774,
            39.9637529
          ],
          [
            116.3474688,
            39.9639338
          ],
          [
            116.3474448,
            39.9642258
          ]
        ]
      },
      "id": "way/170476560"
    },
    {
      "type": "Feature",
      "properties": {
        "@id": "way/170481018",
        "highway": "cycleway",
        "oneway": "yes"
      },
      "geometry": {
        "type": "LineString",
        "coordinates": [
          [
            116.3474322,
            39.9568186
          ],
          [
            116.3472223,
            39.9568656
          ],
          [
            116.3466062,
            39.9568468
          ],
          [
            116.34588,
            39.9568058
          ],
          [
            116.3453391,
            39.9568044
          ],
          [
            116.3435924,
            39.9568481
          ],
          [
            116.3434901,
            39.9568481
          ],
          [
            116.3421989,
            39.956866
          ],
          [
            116.3420927,
            39.9568675
          ],
          [
            116.3417607,
            39.9569157
          ],
          [
            116.340789,
            39.9569222
          ],
          [
            116.3406444,
            39.9569456
          ],
          [
            116.3402058,
            39.956961
          ],
          [
            116.3401254,
            39.95696
          ],
          [
            116.3399659,
            39.9569578
          ],
          [
            116.3397953,
            39.9569556
          ],
          [
            116.3397445,
            39.9569549
          ],
          [
            116.3395983,
            39.9569415
          ]
        ]
      },
      "id": "way/170481018"
    },
    {
      "type": "Feature",
      "properties": {
        "@id": "way/170481019",
        "highway": "tertiary",
        "oneway": "yes"
      },
      "geometry": {
        "type": "LineString",
        "coordinates": [
          [
            116.3427967,
            39.9566418
          ],
          [
            116.3434873,
            39.9566286
          ],
          [
            116.3446369,
            39.9566066
          ],
          [
            116.345327,
            39.9565894
          ],
          [
            116.3457695,
            39.9565807
          ],
          [
            116.3466172,
            39.9566249
          ],
          [
            116.3469525,
            39.9566462
          ],
          [
            116.347489,
            39.9566521
          ],
          [
            116.3483394,
            39.9566268
          ],
          [
            116.348509,
            39.9566218
          ],
          [
            116.3488697,
            39.9565354
          ],
          [
            116.3490768,
            39.9564858
          ],
          [
            116.3508374,
            39.9564975
          ],
          [
            116.3519691,
            39.9564946
          ],
          [
            116.3549265,
            39.9564812
          ],
          [
            116.3549738,
            39.9564809
          ],
          [
            116.3551581,
            39.9564801
          ],
          [
            116.3553109,
            39.9564799
          ],
          [
            116.3588229,
            39.9564747
          ],
          [
            116.3593843,
            39.9564739
          ],
          [
            116.3594412,
            39.9564738
          ],
          [
            116.3595245,
            39.9564747
          ],
          [
            116.3626664,
            39.9564607
          ],
          [
            116.3627492,
            39.9564603
          ],
          [
            116.3648429,
            39.956451
          ],
          [
            116.364962,
            39.9564344
          ]
        ]
      },
      "id": "way/170481019"
    },
    {
      "type": "Feature",
      "properties": {
        "@id": "way/170482159",
        "highway": "secondary",
        "name": "学院南路",
        "name:en": "Xueyuan South Road",
        "name:zh": "学院南路",
        "name:zh-Hans": "学院南路",
        "name:zh-Hant": "學院南路",
        "oneway": "yes"
      },
      "geometry": {
        "type": "LineString",
        "coordinates": [
          [
            116.3457678,
            39.956649
          ],
          [
            116.3459659,
            39.9566552
          ],
          [
            116.3466139,
            39.9566919
          ],
          [
            116.3469536,
            39.9567085
          ],
          [
            116.3474878,
            39.9567194
          ],
          [
            116.3483017,
            39.9566877
          ],
          [
            116.3484624,
            39.9566814
          ]
        ]
      },
      "id": "way/170482159"
    },
    {
      "type": "Feature",
      "properties": {
        "@id": "way/170482160",
        "footway": "sidewalk",
        "highway": "footway"
      },
      "geometry": {
        "type": "LineString",
        "coordinates": [
          [
            116.3465013,
            39.9568796
          ],
          [
            116.3466044,
            39.9568838
          ],
          [
            116.3472089,
            39.9569235
          ],
          [
            116.3472772,
            39.956939
          ],
          [
            116.3473199,
            39.9569651
          ],
          [
            116.347323,
            39.9571425
          ]
        ]
      },
      "id": "way/170482160"
    },
    {
      "type": "Feature",
      "properties": {
        "@id": "way/170484450",
        "highway": "secondary_link",
        "maxheight": "4",
        "oneway": "yes"
      },
      "geometry": {
        "type": "LineString",
        "coordinates": [
          [
            116.3490707,
            39.9566624
          ],
          [
            116.3486764,
            39.9567267
          ],
          [
            116.3483872,
            39.9567884
          ]
        ]
      },
      "id": "way/170484450"
    },
    {
      "type": "Feature",
      "properties": {
        "@id": "way/181578655",
        "bridge": "yes",
        "highway": "trunk",
        "layer": "1",
        "name": "西直门北大街",
        "name:en": "Xizhimen North Street",
        "name:zh": "西直门北大街",
        "name:zh-Hans": "西直门北大街",
        "name:zh-Hant": "西直門北大街",
        "oneway": "yes"
      },
      "geometry": {
        "type": "LineString",
        "coordinates": [
          [
            116.3490159,
            39.954785
          ],
          [
            116.3488619,
            39.9585562
          ]
        ]
      },
      "id": "way/181578655"
    },
    {
      "type": "Feature",
      "properties": {
        "@id": "way/238564273",
        "highway": "steps"
      },
      "geometry": {
        "type": "LineString",
        "coordinates": [
          [
            116.3474104,
            39.9599477
          ],
          [
            116.3475055,
            39.9599512
          ]
        ]
      },
      "id": "way/238564273"
    },
    {
      "type": "Feature",
      "properties": {
        "@id": "way/238564274",
        "bridge": "yes",
        "handrail": "yes",
        "highway": "steps",
        "layer": "1"
      },
      "geometry": {
        "type": "LineString",
        "coordinates": [
          [
            116.3490026,
            39.9603069
          ],
          [
            116.3490075,
            39.9600445
          ]
        ]
      },
      "id": "way/238564274"
    },
    {
      "type": "Feature",
      "properties": {
        "@id": "way/238564275",
        "highway": "footway"
      },
      "geometry": {
        "type": "LineString",
        "coordinates": [
          [
            116.3475055,
            39.9599512
          ],
          [
            116.3476234,
            39.9599543
          ],
          [
            116.3476918,
            39.9599561
          ]
        ]
      },
      "id": "way/238564275"
    },
    {
      "type": "Feature",
      "properties": {
        "@id": "way/238564277",
        "highway": "service"
      },
      "geometry": {
        "type": "LineString",
        "coordinates": [
          [
            116.3489492,
            39.9597868
          ],
          [
            116.3490109,
            39.9597899
          ],
          [
            116.3490887,
            39.9597931
          ],
          [
            116.3491274,
            39.9597987
          ],
          [
            116.3493391,
            39.9598296
          ]
        ]
      },
      "id": "way/238564277"
    },
    {
      "type": "Feature",
      "properties": {
        "@id": "way/238564278",
        "footway": "sidewalk",
        "highway": "footway"
      },
      "geometry": {
        "type": "LineString",
        "coordinates": [
          [
            116.347061,
            39.9605479
          ],
          [
            116.3470538,
            39.960694
          ],
          [
            116.3470174,
            39.9614298
          ],
          [
            116.3470153,
            39.9614844
          ],
          [
            116.3469769,
            39.9624976
          ],
          [
            116.3469683,
            39.962742
          ]
        ]
      },
      "id": "way/238564278"
    },
    {
      "type": "Feature",
      "properties": {
        "@id": "way/267952851",
        "highway": "residential",
        "name": "辅仁路",
        "name:en": "Furen Road",
        "name:zh": "辅仁路",
        "name:zh-Hans": "辅仁路",
        "name:zh-Hant": "輔仁路"
      },
      "geometry": {
        "type": "LineString",
        "coordinates": [
          [
            116.3555398,
            39.9613313
          ],
          [
            116.3558526,
            39.9613406
          ],
          [
            116.3566566,
            39.9613685
          ],
          [
            116.3568408,
            39.9613749
          ],
          [
            116.3573355,
            39.9613921
          ],
          [
            116.3576302,
            39.9613999
          ],
          [
            116.357967,
            39.9614132
          ],
          [
            116.3581241,
            39.9614194
          ],
          [
            116.3586291,
            39.961437
          ],
          [
            116.3588485,
            39.9614446
          ],
          [
            116.3599108,
            39.9614773
          ],
          [
            116.3601268,
            39.9614845
          ]
        ]
      },
      "id": "way/267952851"
    },
    {
      "type": "Feature",
      "properties": {
        "@id": "way/281751523",
        "highway": "service"
      },
      "geometry": {
        "type": "LineString",
        "coordinates": [
          [
            116.3509494,
            39.9624517
          ],
          [
            116.351227,
            39.9624539
          ],
          [
            116.3513608,
            39.9624585
          ],
          [
            116.351477,
            39.9624608
          ],
          [
            116.3515365,
            39.962462
          ],
          [
            116.3515833,
            39.962463
          ],
          [
            116.3516682,
            39.9624647
          ],
          [
            116.3523102,
            39.9624776
          ],
          [
            116.352445,
            39.9624803
          ]
        ]
      },
      "id": "way/281751523"
    },
    {
      "type": "Feature",
      "properties": {
        "@id": "way/281751526",
        "highway": "service"
      },
      "geometry": {
        "type": "LineString",
        "coordinates": [
          [
            116.3524825,
            39.9616202
          ],
          [
            116.3528016,
            39.9616259
          ],
          [
            116.3535599,
            39.9616394
          ],
          [
            116.3535913,
            39.96164
          ],
          [
            116.3541734,
            39.9616516
          ],
          [
            116.3541894,
            39.9614443
          ],
          [
            116.354203,
            39.9612255
          ],
          [
            116.3542143,
            39.961042
          ]
        ]
      },
      "id": "way/281751526"
    },
    {
      "type": "Feature",
      "properties": {
        "@id": "way/281751527",
        "highway": "service"
      },
      "geometry": {
        "type": "LineString",
        "coordinates": [
          [
            116.3518339,
            39.9570142
          ],
          [
            116.351834,
            39.9569057
          ],
          [
            116.3518341,
            39.956861
          ],
          [
            116.3518341,
            39.9568143
          ],
          [
            116.3518341,
            39.956796
          ],
          [
            116.3518342,
            39.9567196
          ],
          [
            116.3518371,
            39.9566498
          ]
        ]
      },
      "id": "way/281751527"
    },
    {
      "type": "Feature",
      "properties": {
        "@id": "way/344376660",
        "highway": "service"
      },
      "geometry": {
        "type": "LineString",
        "coordinates": [
          [
            116.3511276,
            39.9583974
          ],
          [
            116.3506865,
            39.9583937
          ],
          [
            116.3502096,
            39.9583896
          ],
          [
            116.3502194,
            39.9582391
          ],
          [
            116.3502255,
            39.9581446
          ],
          [
            116.3502368,
            39.9578361
          ],
          [
            116.3502454,
            39.9575982
          ],
          [
            116.3502549,
            39.9573383
          ],
          [
            116.3502608,
            39.9571754
          ],
          [
            116.350262,
            39.9571419
          ],
          [
            116.3507207,
            39.9571419
          ],
          [
            116.3507539,
            39.9571419
          ],
          [
            116.3510428,
            39.9571419
          ],
          [
            116.3511114,
            39.9571419
          ],
          [
            116.3512011,
            39.9571448
          ]
        ]
      },
      "id": "way/344376660"
    },
    {
      "type": "Feature",
      "properties": {
        "@id": "way/344376662",
        "highway": "service"
      },
      "geometry": {
        "type": "LineString",
        "coordinates": [
          [
            116.3530908,
            39.9571473
          ],
          [
            116.3533417,
            39.9571498
          ],
          [
            116.3536569,
            39.9571529
          ],
          [
            116.3536553,
            39.9572458
          ],
          [
            116.3536536,
            39.9573462
          ],
          [
            116.3533473,
            39.9573432
          ],
          [
            116.3530875,
            39.9573407
          ]
        ]
      },
      "id": "way/344376662"
    },
    {
      "type": "Feature",
      "properties": {
        "@id": "way/399017965",
        "highway": "service"
      },
      "geometry": {
        "type": "LineString",
        "coordinates": [
          [
            116.3492611,
            39.9631431
          ],
          [
            116.3499875,
            39.9631628
          ]
        ]
      },
      "id": "way/399017965"
    },
    {
      "type": "Feature",
      "properties": {
        "@id": "way/399017966",
        "highway": "service"
      },
      "geometry": {
        "type": "LineString",
        "coordinates": [
          [
            116.3500062,
            39.9628311
          ],
          [
            116.3500172,
            39.9625099
          ],
          [
            116.3500204,
            39.9624169
          ],
          [
            116.3500219,
            39.9623219
          ]
        ]
      },
      "id": "way/399017966"
    },
    {
      "type": "Feature",
      "properties": {
        "@id": "way/399017967",
        "highway": "service"
      },
      "geometry": {
        "type": "LineString",
        "coordinates": [
          [
            116.3500204,
            39.9624169
          ],
          [
            116.3504388,
            39.9624252
          ],
          [
            116.3504646,
            39.9624251
          ],
          [
            116.3509512,
            39.9624236
          ]
        ]
      },
      "id": "way/399017967"
    },
    {
      "type": "Feature",
      "properties": {
        "@id": "way/399017968",
        "highway": "service"
      },
      "geometry": {
        "type": "LineString",
        "coordinates": [
          [
            116.3500219,
            39.9623219
          ],
          [
            116.350048,
            39.9620394
          ],
          [
            116.3500589,
            39.9618873
          ],
          [
            116.3500633,
            39.9616593
          ],
          [
            116.350079,
            39.9614141
          ],
          [
            116.3500882,
            39.9611869
          ],
          [
            116.3501004,
            39.9609213
          ]
        ]
      },
      "id": "way/399017968"
    },
    {
      "type": "Feature",
      "properties": {
        "@id": "way/399018089",
        "highway": "service"
      },
      "geometry": {
        "type": "LineString",
        "coordinates": [
          [
            116.3524039,
            39.9630222
          ],
          [
            116.3518799,
            39.9630124
          ],
          [
            116.3516699,
            39.963007
          ],
          [
            116.3516377,
            39.9630062
          ],
          [
            116.3514846,
            39.9630186
          ],
          [
            116.3513457,
            39.9630299
          ],
          [
            116.3510937,
            39.9630275
          ],
          [
            116.3509118,
            39.9630257
          ]
        ]
      },
      "id": "way/399018089"
    },
    {
      "type": "Feature",
      "properties": {
        "@id": "way/399047057",
        "highway": "service"
      },
      "geometry": {
        "type": "LineString",
        "coordinates": [
          [
            116.3494217,
            39.9573177
          ],
          [
            116.3498344,
            39.9573279
          ],
          [
            116.3502549,
            39.9573383
          ]
        ]
      },
      "id": "way/399047057"
    },
    {
      "type": "Feature",
      "properties": {
        "@id": "way/399047058",
        "highway": "service"
      },
      "geometry": {
        "type": "LineString",
        "coordinates": [
          [
            116.3494077,
            39.9578195
          ],
          [
            116.3498345,
            39.957828
          ],
          [
            116.3501551,
            39.9578345
          ],
          [
            116.3502368,
            39.9578361
          ]
        ]
      },
      "id": "way/399047058"
    },
    {
      "type": "Feature",
      "properties": {
        "@id": "way/399047059",
        "highway": "service"
      },
      "geometry": {
        "type": "LineString",
        "coordinates": [
          [
            116.3493992,
            39.9581278
          ],
          [
            116.3502255,
            39.9581446
          ]
        ]
      },
      "id": "way/399047059"
    },
    {
      "type": "Feature",
      "properties": {
        "@id": "way/399047060",
        "highway": "service"
      },
      "geometry": {
        "type": "LineString",
        "coordinates": [
          [
            116.3511876,
            39.9575234
          ],
          [
            116.3514148,
            39.9575276
          ],
          [
            116.3516803,
            39.9575326
          ],
          [
            116.3519271,
            39.9575385
          ],
          [
            116.3521966,
            39.9575449
          ],
          [
            116.3525109,
            39.957543
          ]
        ]
      },
      "id": "way/399047060"
    },
    {
      "type": "Feature",
      "properties": {
        "@id": "way/399047061",
        "highway": "service"
      },
      "geometry": {
        "type": "LineString",
        "coordinates": [
          [
            116.3525109,
            39.957543
          ],
          [
            116.3526443,
            39.9575451
          ],
          [
            116.3529392,
            39.9575497
          ],
          [
            116.3530307,
            39.9575511
          ],
          [
            116.3536239,
            39.9575604
          ]
        ]
      },
      "id": "way/399047061"
    },
    {
      "type": "Feature",
      "properties": {
        "@id": "way/399047063",
        "highway": "service"
      },
      "geometry": {
        "type": "LineString",
        "coordinates": [
          [
            116.3511276,
            39.9583974
          ],
          [
            116.3513282,
            39.9583947
          ],
          [
            116.3518365,
            39.9583879
          ],
          [
            116.352472,
            39.9583794
          ],
          [
            116.3531895,
            39.9583855
          ],
          [
            116.3534117,
            39.9583604
          ],
          [
            116.3547381,
            39.9583608
          ]
        ]
      },
      "id": "way/399047063"
    },
    {
      "type": "Feature",
      "properties": {
        "@id": "way/399047064",
        "highway": "service"
      },
      "geometry": {
        "type": "LineString",
        "coordinates": [
          [
            116.3494199,
            39.9587741
          ],
          [
            116.3504543,
            39.958801
          ],
          [
            116.3511167,
            39.9588182
          ],
          [
            116.3524868,
            39.9588513
          ],
          [
            116.3528144,
            39.9588579
          ],
          [
            116.3530694,
            39.9588631
          ],
          [
            116.3531646,
            39.958865
          ]
        ]
      },
      "id": "way/399047064"
    },
    {
      "type": "Feature",
      "properties": {
        "@id": "way/399047066",
        "highway": "service"
      },
      "geometry": {
        "type": "LineString",
        "coordinates": [
          [
            116.3494199,
            39.9587741
          ],
          [
            116.3494061,
            39.958959
          ],
          [
            116.3494045,
            39.9589812
          ],
          [
            116.3494016,
            39.95902
          ],
          [
            116.3493792,
            39.9593211
          ],
          [
            116.3493504,
            39.9596862
          ],
          [
            116.3493391,
            39.9598296
          ],
          [
            116.349324,
            39.9601479
          ],
          [
            116.3493159,
            39.9603191
          ],
          [
            116.3493147,
            39.9603435
          ],
          [
            116.349302,
            39.9605635
          ],
          [
            116.3492854,
            39.9608524
          ],
          [
            116.3492826,
            39.9609008
          ],
          [
            116.3492814,
            39.9611643
          ],
          [
            116.349272,
            39.9613981
          ],
          [
            116.3492616,
            39.9616411
          ],
          [
            116.3492499,
            39.9618526
          ],
          [
            116.3492445,
            39.9620277
          ],
          [
            116.349227,
            39.9623007
          ],
          [
            116.3492262,
            39.9625319
          ]
        ]
      },
      "id": "way/399047066"
    },
    {
      "type": "Feature",
      "properties": {
        "@id": "way/399047067",
        "highway": "service"
      },
      "geometry": {
        "type": "LineString",
        "coordinates": [
          [
            116.3493792,
            39.9593211
          ],
          [
            116.3501747,
            39.9593359
          ],
          [
            116.350201,
            39.9593364
          ],
          [
            116.3508979,
            39.9593494
          ],
          [
            116.3510943,
            39.9593531
          ],
          [
            116.3518606,
            39.959355
          ],
          [
            116.351935,
            39.9593563
          ],
          [
            116.3524656,
            39.9593655
          ],
          [
            116.3524924,
            39.959366
          ],
          [
            116.3525394,
            39.9593668
          ],
          [
            116.3531552,
            39.9593787
          ]
        ]
      },
      "id": "way/399047067"
    },
    {
      "type": "Feature",
      "properties": {
        "@id": "way/399047512",
        "highway": "service"
      },
      "geometry": {
        "type": "LineString",
        "coordinates": [
          [
            116.3531371,
            39.9602756
          ],
          [
            116.3538831,
            39.9602832
          ],
          [
            116.3542386,
            39.9602868
          ],
          [
            116.3542419,
            39.9601461
          ],
          [
            116.3547182,
            39.9601569
          ]
        ]
      },
      "id": "way/399047512"
    },
    {
      "type": "Feature",
      "properties": {
        "@id": "way/399047513",
        "highway": "service"
      },
      "geometry": {
        "type": "LineString",
        "coordinates": [
          [
            116.3524656,
            39.9593655
          ],
          [
            116.3524868,
            39.9588513
          ]
        ]
      },
      "id": "way/399047513"
    },
    {
      "type": "Feature",
      "properties": {
        "@id": "way/399047779",
        "highway": "service"
      },
      "geometry": {
        "type": "LineString",
        "coordinates": [
          [
            116.3493147,
            39.9603435
          ],
          [
            116.3493391,
            39.9603441
          ],
          [
            116.3501409,
            39.9603636
          ],
          [
            116.3509579,
            39.9603737
          ],
          [
            116.3510549,
            39.9603749
          ],
          [
            116.3519116,
            39.9603882
          ],
          [
            116.3525277,
            39.9603978
          ]
        ]
      },
      "id": "way/399047779"
    },
    {
      "type": "Feature",
      "properties": {
        "@id": "way/399047784",
        "highway": "service"
      },
      "geometry": {
        "type": "LineString",
        "coordinates": [
          [
            116.3524241,
            39.9635312
          ],
          [
            116.3524296,
            39.9633009
          ],
          [
            116.352433,
            39.9631639
          ],
          [
            116.3524168,
            39.9630851
          ],
          [
            116.3524131,
            39.9630671
          ],
          [
            116.3524039,
            39.9630222
          ],
          [
            116.352445,
            39.9624803
          ],
          [
            116.3524524,
            39.9622969
          ],
          [
            116.3524613,
            39.9620898
          ],
          [
            116.3524682,
            39.9619767
          ],
          [
            116.3524698,
            39.9619373
          ],
          [
            116.3524815,
            39.9616442
          ],
          [
            116.3524825,
            39.9616202
          ],
          [
            116.3524942,
            39.9614062
          ],
          [
            116.3525013,
            39.9612766
          ],
          [
            116.3525235,
            39.9609901
          ],
          [
            116.3525277,
            39.9603978
          ]
        ]
      },
      "id": "way/399047784"
    },
    {
      "type": "Feature",
      "properties": {
        "@id": "way/399048056",
        "highway": "service"
      },
      "geometry": {
        "type": "LineString",
        "coordinates": [
          [
            116.3531618,
            39.9631642
          ],
          [
            116.3534948,
            39.9631676
          ],
          [
            116.3538261,
            39.9631709
          ],
          [
            116.3540595,
            39.9631733
          ],
          [
            116.3545564,
            39.9631968
          ]
        ]
      },
      "id": "way/399048056"
    },
    {
      "type": "Feature",
      "properties": {
        "@id": "way/399048057",
        "highway": "service"
      },
      "geometry": {
        "type": "LineString",
        "coordinates": [
          [
            116.3531618,
            39.9631642
          ],
          [
            116.3531556,
            39.9633166
          ],
          [
            116.3531442,
            39.9635961
          ],
          [
            116.3545405,
            39.9636383
          ]
        ]
      },
      "id": "way/399048057"
    },
    {
      "type": "Feature",
      "properties": {
        "@id": "way/399048058",
        "highway": "service"
      },
      "geometry": {
        "type": "LineString",
        "coordinates": [
          [
            116.3545405,
            39.9636383
          ],
          [
            116.3545564,
            39.9631968
          ],
          [
            116.3545808,
            39.9628008
          ],
          [
            116.3546167,
            39.9621327
          ],
          [
            116.3546389,
            39.9616712
          ]
        ]
      },
      "id": "way/399048058"
    },
    {
      "type": "Feature",
      "properties": {
        "@id": "way/399048291",
        "highway": "service"
      },
      "geometry": {
        "type": "LineString",
        "coordinates": [
          [
            116.352527,
            39.9603031
          ],
          [
            116.3525394,
            39.9593668
          ]
        ]
      },
      "id": "way/399048291"
    },
    {
      "type": "Feature",
      "properties": {
        "@id": "way/399048638",
        "highway": "service"
      },
      "geometry": {
        "type": "LineString",
        "coordinates": [
          [
            116.3499572,
            39.96352
          ],
          [
            116.350213,
            39.9635253
          ],
          [
            116.3508741,
            39.9635442
          ]
        ]
      },
      "id": "way/399048638"
    },
    {
      "type": "Feature",
      "properties": {
        "@id": "way/399048639",
        "highway": "tertiary",
        "name": "师大北路",
        "name:en": "North Shida Road",
        "name:zh": "师大北路",
        "name:zh-Hans": "师大北路",
        "name:zh-Hant": "師大北路"
      },
      "geometry": {
        "type": "LineString",
        "coordinates": [
          [
            116.348767,
            39.9635742
          ],
          [
            116.3488355,
            39.9635761
          ],
          [
            116.3488598,
            39.9635768
          ],
          [
            116.3492658,
            39.963588
          ],
          [
            116.3508654,
            39.9636321
          ],
          [
            116.3512586,
            39.963643
          ],
          [
            116.3519463,
            39.9636621
          ],
          [
            116.3529211,
            39.9636891
          ],
          [
            116.3547449,
            39.963754
          ],
          [
            116.3548312,
            39.9637552
          ]
        ]
      },
      "id": "way/399048639"
    },
    {
      "type": "Feature",
      "properties": {
        "@id": "way/399048643",
        "highway": "service"
      },
      "geometry": {
        "type": "LineString",
        "coordinates": [
          [
            116.3499572,
            39.96352
          ],
          [
            116.349975,
            39.9633106
          ],
          [
            116.3499779,
            39.9632762
          ],
          [
            116.3499846,
            39.9631964
          ],
          [
            116.3499875,
            39.9631628
          ],
          [
            116.349988,
            39.9631442
          ],
          [
            116.349997,
            39.962989
          ],
          [
            116.3500062,
            39.9628311
          ]
        ]
      },
      "id": "way/399048643"
    },
    {
      "type": "Feature",
      "properties": {
        "@id": "way/399048645",
        "highway": "service"
      },
      "geometry": {
        "type": "LineString",
        "coordinates": [
          [
            116.3508741,
            39.9635442
          ],
          [
            116.3508836,
            39.9632516
          ],
          [
            116.3508861,
            39.9631732
          ],
          [
            116.3508999,
            39.9630942
          ],
          [
            116.3509118,
            39.9630257
          ],
          [
            116.3509273,
            39.9628444
          ],
          [
            116.3509274,
            39.9628325
          ],
          [
            116.3509275,
            39.9627994
          ]
        ]
      },
      "id": "way/399048645"
    },
    {
      "type": "Feature",
      "properties": {
        "@id": "way/399048646",
        "highway": "service"
      },
      "geometry": {
        "type": "LineString",
        "coordinates": [
          [
            116.3509816,
            39.9619405
          ],
          [
            116.350984,
            39.9618934
          ],
          [
            116.3509947,
            39.9616797
          ],
          [
            116.3509961,
            39.9616518
          ],
          [
            116.3509998,
            39.9615783
          ],
          [
            116.3510066,
            39.9614431
          ],
          [
            116.3510161,
            39.9612545
          ],
          [
            116.3510184,
            39.9612099
          ],
          [
            116.3510256,
            39.9610655
          ],
          [
            116.3510315,
            39.960949
          ]
        ]
      },
      "id": "way/399048646"
    },
    {
      "type": "Feature",
      "properties": {
        "@id": "way/399048649",
        "highway": "service"
      },
      "geometry": {
        "type": "LineString",
        "coordinates": [
          [
            116.3510315,
            39.960949
          ],
          [
            116.3510416,
            39.9606805
          ],
          [
            116.351044,
            39.9606009
          ],
          [
            116.3510549,
            39.9603749
          ]
        ]
      },
      "id": "way/399048649"
    },
    {
      "type": "Feature",
      "properties": {
        "@id": "way/399048653",
        "highway": "service"
      },
      "geometry": {
        "type": "LineString",
        "coordinates": [
          [
            116.3510651,
            39.9598768
          ],
          [
            116.3510842,
            39.9595334
          ],
          [
            116.3510943,
            39.9593531
          ],
          [
            116.351104,
            39.9591203
          ],
          [
            116.3511135,
            39.9588923
          ],
          [
            116.3511167,
            39.9588182
          ],
          [
            116.3511187,
            39.9586378
          ],
          [
            116.3511194,
            39.9585741
          ],
          [
            116.3511196,
            39.9585589
          ],
          [
            116.3511214,
            39.9585216
          ],
          [
            116.3511276,
            39.9583974
          ]
        ]
      },
      "id": "way/399048653"
    },
    {
      "type": "Feature",
      "properties": {
        "@id": "way/399053824",
        "highway": "service"
      },
      "geometry": {
        "type": "LineString",
        "coordinates": [
          [
            116.3511276,
            39.9583974
          ],
          [
            116.3511657,
            39.9580237
          ],
          [
            116.3511876,
            39.9575234
          ],
          [
            116.3512011,
            39.9571448
          ]
        ]
      },
      "id": "way/399053824"
    },
    {
      "type": "Feature",
      "properties": {
        "@id": "way/399053825",
        "highway": "service"
      },
      "geometry": {
        "type": "LineString",
        "coordinates": [
          [
            116.3512011,
            39.9571448
          ],
          [
            116.3515822,
            39.9571439
          ],
          [
            116.3516792,
            39.9571437
          ],
          [
            116.3518296,
            39.9571433
          ],
          [
            116.3518824,
            39.9571432
          ],
          [
            116.3522228,
            39.9571424
          ],
          [
            116.352535,
            39.9571416
          ],
          [
            116.3526763,
            39.9571432
          ]
        ]
      },
      "id": "way/399053825"
    },
    {
      "type": "Feature",
      "properties": {
        "@id": "way/399053826",
        "highway": "service"
      },
      "geometry": {
        "type": "LineString",
        "coordinates": [
          [
            116.3518339,
            39.9570142
          ],
          [
            116.3518296,
            39.9571433
          ]
        ]
      },
      "id": "way/399053826"
    },
    {
      "type": "Feature",
      "properties": {
        "@id": "way/399053828",
        "highway": "service"
      },
      "geometry": {
        "type": "LineString",
        "coordinates": [
          [
            116.3511657,
            39.9580237
          ],
          [
            116.3513765,
            39.958025
          ],
          [
            116.3518742,
            39.958028
          ],
          [
            116.3524854,
            39.9580318
          ]
        ]
      },
      "id": "way/399053828"
    },
    {
      "type": "Feature",
      "properties": {
        "@id": "way/399054971",
        "highway": "service"
      },
      "geometry": {
        "type": "LineString",
        "coordinates": [
          [
            116.3493835,
            39.9583773
          ],
          [
            116.3497623,
            39.9583829
          ],
          [
            116.350117,
            39.9583882
          ],
          [
            116.3502096,
            39.9583896
          ]
        ]
      },
      "id": "way/399054971"
    },
    {
      "type": "Feature",
      "properties": {
        "@id": "way/399055358",
        "highway": "service"
      },
      "geometry": {
        "type": "LineString",
        "coordinates": [
          [
            116.3534117,
            39.9583604
          ],
          [
            116.3534121,
            39.9581244
          ],
          [
            116.3546218,
            39.9581367
          ],
          [
            116.3546442,
            39.9573886
          ],
          [
            116.3546459,
            39.9573328
          ]
        ]
      },
      "id": "way/399055358"
    },
    {
      "type": "Feature",
      "properties": {
        "@id": "way/399055359",
        "highway": "service"
      },
      "geometry": {
        "type": "LineString",
        "coordinates": [
          [
            116.352472,
            39.9583794
          ],
          [
            116.3524854,
            39.9580318
          ],
          [
            116.3524975,
            39.9578775
          ],
          [
            116.3525109,
            39.957543
          ],
          [
            116.352528,
            39.9572578
          ],
          [
            116.352535,
            39.9571416
          ]
        ]
      },
      "id": "way/399055359"
    },
    {
      "type": "Feature",
      "properties": {
        "@id": "way/399055360",
        "highway": "service"
      },
      "geometry": {
        "type": "LineString",
        "coordinates": [
          [
            116.3531339,
            39.9603073
          ],
          [
            116.3531371,
            39.9602756
          ],
          [
            116.3531459,
            39.959838
          ],
          [
            116.353152,
            39.9595351
          ],
          [
            116.3531552,
            39.9593787
          ],
          [
            116.353158,
            39.9592247
          ],
          [
            116.3531632,
            39.9589413
          ],
          [
            116.3531646,
            39.958865
          ]
        ]
      },
      "id": "way/399055360"
    },
    {
      "type": "Feature",
      "properties": {
        "@id": "way/399056762",
        "highway": "service"
      },
      "geometry": {
        "type": "LineString",
        "coordinates": [
          [
            116.3524975,
            39.9578775
          ],
          [
            116.3532656,
            39.9578938
          ]
        ]
      },
      "id": "way/399056762"
    },
    {
      "type": "Feature",
      "properties": {
        "@id": "way/399056764",
        "highway": "service"
      },
      "geometry": {
        "type": "LineString",
        "coordinates": [
          [
            116.3534948,
            39.9631676
          ],
          [
            116.353507,
            39.9626923
          ],
          [
            116.3535238,
            39.9623113
          ],
          [
            116.3535532,
            39.961733
          ]
        ]
      },
      "id": "way/399056764"
    },
    {
      "type": "Feature",
      "properties": {
        "@id": "way/399056765",
        "highway": "service"
      },
      "geometry": {
        "type": "LineString",
        "coordinates": [
          [
            116.3540595,
            39.9631733
          ],
          [
            116.3540919,
            39.9627869
          ],
          [
            116.3541067,
            39.9626113
          ],
          [
            116.3541472,
            39.9621291
          ],
          [
            116.3541597,
            39.9619015
          ],
          [
            116.3541614,
            39.96187
          ],
          [
            116.3541734,
            39.9616516
          ]
        ]
      },
      "id": "way/399056765"
    },
    {
      "type": "Feature",
      "properties": {
        "@id": "way/399057337",
        "highway": "service"
      },
      "geometry": {
        "type": "LineString",
        "coordinates": [
          [
            116.3541472,
            39.9621291
          ],
          [
            116.3543994,
            39.962129
          ],
          [
            116.3546167,
            39.9621327
          ]
        ]
      },
      "id": "way/399057337"
    },
    {
      "type": "Feature",
      "properties": {
        "@id": "way/399057338",
        "highway": "service"
      },
      "geometry": {
        "type": "LineString",
        "coordinates": [
          [
            116.3541734,
            39.9616516
          ],
          [
            116.3546389,
            39.9616712
          ]
        ]
      },
      "id": "way/399057338"
    },
    {
      "type": "Feature",
      "properties": {
        "@id": "way/399057340",
        "highway": "service"
      },
      "geometry": {
        "type": "LineString",
        "coordinates": [
          [
            116.3540919,
            39.9627869
          ],
          [
            116.354359,
            39.9627955
          ],
          [
            116.3545808,
            39.9628008
          ]
        ]
      },
      "id": "way/399057340"
    },
    {
      "type": "Feature",
      "properties": {
        "@id": "way/399057341",
        "highway": "service"
      },
      "geometry": {
        "type": "LineString",
        "coordinates": [
          [
            116.349319,
            39.9628056
          ],
          [
            116.34957,
            39.9628149
          ],
          [
            116.349688,
            39.9628193
          ],
          [
            116.3500062,
            39.9628311
          ],
          [
            116.3504533,
            39.9628377
          ],
          [
            116.3509273,
            39.9628444
          ]
        ]
      },
      "id": "way/399057341"
    },
    {
      "type": "Feature",
      "properties": {
        "@id": "way/435149188",
        "highway": "residential"
      },
      "geometry": {
        "type": "LineString",
        "coordinates": [
          [
            116.3469536,
            39.9567085
          ],
          [
            116.3469525,
            39.9566462
          ],
          [
            116.3469446,
            39.9562338
          ],
          [
            116.3469315,
            39.9559649
          ],
          [
            116.3469379,
            39.9559061
          ],
          [
            116.3469395,
            39.9556257
          ],
          [
            116.3469288,
            39.9553502
          ],
          [
            116.346918,
            39.954978
          ],
          [
            116.3469073,
            39.9546861
          ],
          [
            116.3469069,
            39.9543978
          ]
        ]
      },
      "id": "way/435149188"
    },
    {
      "type": "Feature",
      "properties": {
        "@id": "way/439514655",
        "access": "no",
        "foot": "yes",
        "highway": "path",
        "informal": "yes"
      },
      "geometry": {
        "type": "LineString",
        "coordinates": [
          [
            116.3486035,
            39.9569479
          ],
          [
            116.3485451,
            39.9574943
          ],
          [
            116.3485231,
            39.957561
          ],
          [
            116.348542,
            39.9576734
          ],
          [
            116.3484505,
            39.9592045
          ],
          [
            116.3484141,
            39.9597498
          ],
          [
            116.3483765,
            39.9598218
          ],
          [
            116.3483008,
            39.959843
          ],
          [
            116.3482869,
            39.9599732
          ]
        ]
      },
      "id": "way/439514655"
    },
    {
      "type": "Feature",
      "properties": {
        "@id": "way/439514656",
        "highway": "footway"
      },
      "geometry": {
        "type": "LineString",
        "coordinates": [
          [
            116.3480281,
            39.9578767
          ],
          [
            116.3480205,
            39.9580283
          ],
          [
            116.3479831,
            39.9581032
          ],
          [
            116.3479521,
            39.9581654
          ],
          [
            116.347933,
            39.9582645
          ],
          [
            116.347933,
            39.9583053
          ],
          [
            116.3479795,
            39.9583036
          ],
          [
            116.3481394,
            39.9583082
          ]
        ]
      },
      "id": "way/439514656"
    },
    {
      "type": "Feature",
      "properties": {
        "@id": "way/439514657",
        "highway": "footway"
      },
      "geometry": {
        "type": "LineString",
        "coordinates": [
          [
            116.3479795,
            39.9583036
          ],
          [
            116.3479377,
            39.9591945
          ],
          [
            116.3479184,
            39.9598712
          ],
          [
            116.3479158,
            39.9599627
          ],
          [
            116.3479126,
            39.9600142
          ],
          [
            116.3478167,
            39.9615497
          ],
          [
            116.3477489,
            39.9629405
          ],
          [
            116.3477437,
            39.9635277
          ],
          [
            116.3477421,
            39.9637119
          ],
          [
            116.3476873,
            39.96435
          ],
          [
            116.3477583,
            39.964912
          ],
          [
            116.3476873,
            39.9652897
          ],
          [
            116.3476391,
            39.9657171
          ],
          [
            116.3476086,
            39.9658668
          ],
          [
            116.3475552,
            39.9660726
          ]
        ]
      },
      "id": "way/439514657"
    },
    {
      "type": "Feature",
      "properties": {
        "@id": "way/439527392",
        "highway": "service"
      },
      "geometry": {
        "type": "LineString",
        "coordinates": [
          [
            116.347367,
            39.9585049
          ],
          [
            116.3469854,
            39.9584376
          ],
          [
            116.3461956,
            39.9584263
          ],
          [
            116.3461985,
            39.9577373
          ]
        ]
      },
      "id": "way/439527392"
    },
    {
      "type": "Feature",
      "properties": {
        "@id": "way/439531112",
        "highway": "footway"
      },
      "geometry": {
        "type": "LineString",
        "coordinates": [
          [
            116.3477048,
            39.9584079
          ],
          [
            116.3476234,
            39.9599543
          ],
          [
            116.3475562,
            39.9613735
          ],
          [
            116.3474581,
            39.9632215
          ],
          [
            116.3473963,
            39.9637059
          ],
          [
            116.3473925,
            39.964159
          ],
          [
            116.3473912,
            39.96431
          ],
          [
            116.3474265,
            39.9646604
          ]
        ]
      },
      "id": "way/439531112"
    },
    {
      "type": "Feature",
      "properties": {
        "@id": "way/439534341",
        "highway": "footway"
      },
      "geometry": {
        "type": "LineString",
        "coordinates": [
          [
            116.3479184,
            39.9598712
          ],
          [
            116.3481186,
            39.9597402
          ],
          [
            116.348121,
            39.9595271
          ],
          [
            116.3480749,
            39.959316
          ],
          [
            116.3480441,
            39.9592053
          ],
          [
            116.3480665,
            39.9588422
          ],
          [
            116.3481057,
            39.9585607
          ],
          [
            116.3481394,
            39.9583082
          ],
          [
            116.3480903,
            39.9581319
          ],
          [
            116.3479831,
            39.9581032
          ]
        ]
      },
      "id": "way/439534341"
    },
    {
      "type": "Feature",
      "properties": {
        "@id": "way/439534342",
        "highway": "footway"
      },
      "geometry": {
        "type": "LineString",
        "coordinates": [
          [
            116.3479126,
            39.9600142
          ],
          [
            116.3480667,
            39.9600732
          ],
          [
            116.3479907,
            39.9611402
          ],
          [
            116.3479526,
            39.9621314
          ],
          [
            116.3479222,
            39.9623967
          ],
          [
            116.3478347,
            39.9633296
          ],
          [
            116.3477437,
            39.9635277
          ]
        ]
      },
      "id": "way/439534342"
    },
    {
      "type": "Feature",
      "properties": {
        "@id": "way/439534343",
        "highway": "footway"
      },
      "geometry": {
        "type": "LineString",
        "coordinates": [
          [
            116.347941,
            39.9637099
          ],
          [
            116.3479279,
            39.9642592
          ],
          [
            116.3479184,
            39.9646589
          ],
          [
            116.3478728,
            39.9648805
          ],
          [
            116.3478195,
            39.9652303
          ],
          [
            116.3478081,
            39.9657084
          ],
          [
            116.3477101,
            39.9657134
          ]
        ]
      },
      "id": "way/439534343"
    },
    {
      "type": "Feature",
      "properties": {
        "@id": "way/499426086",
        "highway": "service"
      },
      "geometry": {
        "type": "LineString",
        "coordinates": [
          [
            116.3555766,
            39.9579255
          ],
          [
            116.3555817,
            39.9575267
          ],
          [
            116.3555847,
            39.9572115
          ],
          [
            116.3555873,
            39.9570785
          ]
        ]
      },
      "id": "way/499426086"
    },
    {
      "type": "Feature",
      "properties": {
        "@id": "way/499426087",
        "highway": "service"
      },
      "geometry": {
        "type": "LineString",
        "coordinates": [
          [
            116.3554049,
            39.9570743
          ],
          [
            116.3555873,
            39.9570785
          ],
          [
            116.3558931,
            39.9570826
          ],
          [
            116.3567291,
            39.9570794
          ],
          [
            116.3567255,
            39.9571976
          ],
          [
            116.3564091,
            39.9572069
          ],
          [
            116.3555847,
            39.9572115
          ]
        ]
      },
      "id": "way/499426087"
    },
    {
      "type": "Feature",
      "properties": {
        "@id": "way/499426088",
        "highway": "service"
      },
      "geometry": {
        "type": "LineString",
        "coordinates": [
          [
            116.3564133,
            39.9579553
          ],
          [
            116.3564122,
            39.9575377
          ],
          [
            116.3564091,
            39.9572069
          ]
        ]
      },
      "id": "way/499426088"
    },
    {
      "type": "Feature",
      "properties": {
        "@id": "way/499426089",
        "highway": "service"
      },
      "geometry": {
        "type": "LineString",
        "coordinates": [
          [
            116.3555817,
            39.9575267
          ],
          [
            116.3557858,
            39.9575278
          ],
          [
            116.3560003,
            39.9575289
          ],
          [
            116.3561291,
            39.9575336
          ],
          [
            116.3564122,
            39.9575377
          ]
        ]
      },
      "id": "way/499426089"
    },
    {
      "type": "Feature",
      "properties": {
        "@id": "way/499426090",
        "highway": "service"
      },
      "geometry": {
        "type": "LineString",
        "coordinates": [
          [
            116.3560027,
            39.9579681
          ],
          [
            116.3560003,
            39.9575289
          ]
        ]
      },
      "id": "way/499426090"
    },
    {
      "type": "Feature",
      "properties": {
        "@id": "way/499426091",
        "highway": "living_street"
      },
      "geometry": {
        "type": "LineString",
        "coordinates": [
          [
            116.3557858,
            39.9579272
          ],
          [
            116.3557858,
            39.9575278
          ]
        ]
      },
      "id": "way/499426091"
    },
    {
      "type": "Feature",
      "properties": {
        "@id": "way/499426092",
        "highway": "living_street"
      },
      "geometry": {
        "type": "LineString",
        "coordinates": [
          [
            116.3561183,
            39.9579623
          ],
          [
            116.3561291,
            39.9575336
          ]
        ]
      },
      "id": "way/499426092"
    },
    {
      "type": "Feature",
      "properties": {
        "@id": "way/499426093",
        "highway": "service"
      },
      "geometry": {
        "type": "LineString",
        "coordinates": [
          [
            116.3567255,
            39.9571976
          ],
          [
            116.3569897,
            39.9571963
          ],
          [
            116.3574876,
            39.9571917
          ],
          [
            116.3588243,
            39.9571964
          ],
          [
            116.3604176,
            39.9571788
          ],
          [
            116.3604998,
            39.9571831
          ]
        ]
      },
      "id": "way/499426093"
    },
    {
      "type": "Feature",
      "properties": {
        "@id": "way/499426662",
        "highway": "residential"
      },
      "geometry": {
        "type": "LineString",
        "coordinates": [
          [
            116.3548585,
            39.9612941
          ],
          [
            116.3549486,
            39.9612978
          ],
          [
            116.3550614,
            39.961303
          ],
          [
            116.3551218,
            39.9613076
          ],
          [
            116.3552707,
            39.961316
          ],
          [
            116.3555398,
            39.9613313
          ]
        ]
      },
      "id": "way/499426662"
    },
    {
      "type": "Feature",
      "properties": {
        "@id": "way/499426666",
        "highway": "tertiary",
        "name": "杏坛路",
        "name:en": "Xingtan Road",
        "name:zh": "杏坛路",
        "name:zh-Hans": "杏坛路",
        "name:zh-Hant": "杏壇路",
        "oneway": "yes"
      },
      "geometry": {
        "type": "LineString",
        "coordinates": [
          [
            116.3548312,
            39.9637552
          ],
          [
            116.3548177,
            39.9641182
          ],
          [
            116.3547809,
            39.9646514
          ],
          [
            116.3547384,
            39.9661653
          ]
        ]
      },
      "id": "way/499426666"
    },
    {
      "type": "Feature",
      "properties": {
        "@id": "way/499426957",
        "highway": "service"
      },
      "geometry": {
        "type": "LineString",
        "coordinates": [
          [
            116.3559167,
            39.9584043
          ],
          [
            116.3555502,
            39.958395
          ]
        ]
      },
      "id": "way/499426957"
    },
    {
      "type": "Feature",
      "properties": {
        "@id": "way/499426958",
        "highway": "service"
      },
      "geometry": {
        "type": "LineString",
        "coordinates": [
          [
            116.3566566,
            39.9613685
          ],
          [
            116.3566663,
            39.9612675
          ],
          [
            116.3566913,
            39.9610074
          ],
          [
            116.3571183,
            39.9610169
          ],
          [
            116.3576629,
            39.9610342
          ],
          [
            116.3576379,
            39.9613149
          ],
          [
            116.3576302,
            39.9613999
          ]
        ]
      },
      "id": "way/499426958"
    },
    {
      "type": "Feature",
      "properties": {
        "@id": "way/499426960",
        "highway": "path",
        "informal": "yes"
      },
      "geometry": {
        "type": "LineString",
        "coordinates": [
          [
            116.3558956,
            39.9609138
          ],
          [
            116.3563069,
            39.9609348
          ],
          [
            116.3564478,
            39.9609921
          ],
          [
            116.3566913,
            39.9610074
          ]
        ]
      },
      "id": "way/499426960"
    },
    {
      "type": "Feature",
      "properties": {
        "@id": "way/499433421",
        "highway": "service"
      },
      "geometry": {
        "type": "LineString",
        "coordinates": [
          [
            116.3568408,
            39.9613749
          ],
          [
            116.3568335,
            39.961604
          ],
          [
            116.3569636,
            39.9617723
          ],
          [
            116.3569409,
            39.9621545
          ],
          [
            116.3569392,
            39.9621836
          ]
        ]
      },
      "id": "way/499433421"
    },
    {
      "type": "Feature",
      "properties": {
        "@id": "way/499433549",
        "highway": "residential",
        "name": "励耘路",
        "name:zh": "励耘路",
        "name:zh-Hans": "励耘路",
        "name:zh-Hant": "勵耘路"
      },
      "geometry": {
        "type": "LineString",
        "coordinates": [
          [
            116.3586934,
            39.963593
          ],
          [
            116.3581105,
            39.9635795
          ],
          [
            116.3580256,
            39.9635275
          ],
          [
            116.3566434,
            39.9634927
          ],
          [
            116.3554231,
            39.963462
          ],
          [
            116.3555398,
            39.9613313
          ]
        ]
      },
      "id": "way/499433549"
    },
    {
      "type": "Feature",
      "properties": {
        "@id": "way/499433730",
        "highway": "service"
      },
      "geometry": {
        "type": "LineString",
        "coordinates": [
          [
            116.3566434,
            39.9634927
          ],
          [
            116.3566571,
            39.9632211
          ]
        ]
      },
      "id": "way/499433730"
    },
    {
      "type": "Feature",
      "properties": {
        "@id": "way/499434477",
        "footway": "sidewalk",
        "highway": "footway"
      },
      "geometry": {
        "type": "LineString",
        "coordinates": [
          [
            116.3552483,
            39.9574703
          ],
          [
            116.3552698,
            39.9568494
          ],
          [
            116.3552993,
            39.9568042
          ],
          [
            116.3553582,
            39.9567898
          ],
          [
            116.3588237,
            39.9567726
          ],
          [
            116.3605158,
            39.9567643
          ]
        ]
      },
      "id": "way/499434477"
    },
    {
      "type": "Feature",
      "properties": {
        "@id": "way/499437261",
        "highway": "service"
      },
      "geometry": {
        "type": "LineString",
        "coordinates": [
          [
            116.3559007,
            39.9608634
          ],
          [
            116.3552925,
            39.960855
          ],
          [
            116.355228,
            39.9608541
          ]
        ]
      },
      "id": "way/499437261"
    },
    {
      "type": "Feature",
      "properties": {
        "@id": "way/499437262",
        "highway": "footway"
      },
      "geometry": {
        "type": "LineString",
        "coordinates": [
          [
            116.355228,
            39.9608541
          ],
          [
            116.3552612,
            39.9599024
          ],
          [
            116.3553032,
            39.9589743
          ]
        ]
      },
      "id": "way/499437262"
    },
    {
      "type": "Feature",
      "properties": {
        "@id": "way/499437310",
        "highway": "footway"
      },
      "geometry": {
        "type": "LineString",
        "coordinates": [
          [
            116.3552707,
            39.961316
          ],
          [
            116.3552925,
            39.960855
          ]
        ]
      },
      "id": "way/499437310"
    },
    {
      "type": "Feature",
      "properties": {
        "@id": "way/665148377",
        "highway": "service"
      },
      "geometry": {
        "type": "LineString",
        "coordinates": [
          [
            116.3586119,
            39.9622916
          ],
          [
            116.3582442,
            39.9622833
          ],
          [
            116.3582361,
            39.9624243
          ],
          [
            116.356744,
            39.9623955
          ]
        ]
      },
      "id": "way/665148377"
    },
    {
      "type": "Feature",
      "properties": {
        "@id": "way/969718467",
        "highway": "service",
        "service": "parking_aisle"
      },
      "geometry": {
        "type": "LineString",
        "coordinates": [
          [
            116.3518799,
            39.9630124
          ],
          [
            116.3518896,
            39.9627621
          ]
        ]
      },
      "id": "way/969718467"
    },
    {
      "type": "Feature",
      "properties": {
        "@id": "way/969718469",
        "highway": "service"
      },
      "geometry": {
        "type": "LineString",
        "coordinates": [
          [
            116.3516377,
            39.9630062
          ],
          [
            116.3516163,
            39.9634511
          ]
        ]
      },
      "id": "way/969718469"
    },
    {
      "type": "Feature",
      "properties": {
        "@id": "way/969718470",
        "highway": "service"
      },
      "geometry": {
        "type": "LineString",
        "coordinates": [
          [
            116.3524524,
            39.9622969
          ],
          [
            116.35266,
            39.9622997
          ],
          [
            116.3526976,
            39.9623002
          ],
          [
            116.352851,
            39.9623022
          ],
          [
            116.3533502,
            39.9623085
          ],
          [
            116.3535238,
            39.9623113
          ]
        ]
      },
      "id": "way/969718470"
    },
    {
      "type": "Feature",
      "properties": {
        "@id": "way/969718472",
        "highway": "service"
      },
      "geometry": {
        "type": "LineString",
        "coordinates": [
          [
            116.3530875,
            39.9573407
          ],
          [
            116.3530892,
            39.9572385
          ],
          [
            116.3530908,
            39.9571473
          ]
        ]
      },
      "id": "way/969718472"
    },
    {
      "type": "Feature",
      "properties": {
        "@id": "way/969718473",
        "highway": "service"
      },
      "geometry": {
        "type": "LineString",
        "coordinates": [
          [
            116.3526763,
            39.9571432
          ],
          [
            116.3528476,
            39.9571449
          ],
          [
            116.353015,
            39.9571466
          ],
          [
            116.3530908,
            39.9571473
          ]
        ]
      },
      "id": "way/969718473"
    },
    {
      "type": "Feature",
      "properties": {
        "@id": "way/969718475",
        "highway": "service",
        "service": "parking_aisle"
      },
      "geometry": {
        "type": "LineString",
        "coordinates": [
          [
            116.3530892,
            39.9572385
          ],
          [
            116.3536553,
            39.9572458
          ]
        ]
      },
      "id": "way/969718475"
    },
    {
      "type": "Feature",
      "properties": {
        "@id": "way/1055460647",
        "highway": "secondary",
        "name": "学院南路",
        "name:en": "Xueyuan South Road",
        "name:zh": "学院南路",
        "name:zh-Hans": "学院南路",
        "name:zh-Hant": "學院南路",
        "oneway": "yes"
      },
      "geometry": {
        "type": "LineString",
        "coordinates": [
          [
            116.3483872,
            39.9567884
          ],
          [
            116.3474322,
            39.9568186
          ]
        ]
      },
      "id": "way/1055460647"
    },
    {
      "type": "Feature",
      "properties": {
        "@id": "way/1055460648",
        "highway": "tertiary",
        "name": "西土城路",
        "name:zh": "西土城路",
        "name:zh-Hans": "西土城路",
        "name:zh-Hant": "西土城路",
        "oneway": "yes"
      },
      "geometry": {
        "type": "LineString",
        "coordinates": [
          [
            116.3473934,
            39.9584166
          ],
          [
            116.347548,
            39.9581113
          ],
          [
            116.3482695,
            39.9569594
          ],
          [
            116.3482994,
            39.9569117
          ],
          [
            116.3483872,
            39.9567884
          ]
        ]
      },
      "id": "way/1055460648"
    },
    {
      "type": "Feature",
      "properties": {
        "@id": "way/1068809898",
        "highway": "secondary",
        "name": "学院南路",
        "name:en": "South Xueyuan Road",
        "name:zh": "学院南路",
        "name:zh-Hans": "学院南路",
        "name:zh-Hant": "學院南路",
        "oneway": "yes"
      },
      "geometry": {
        "type": "LineString",
        "coordinates": [
          [
            116.349074,
            39.9565666
          ],
          [
            116.3508374,
            39.9565618
          ],
          [
            116.3519675,
            39.9565594
          ],
          [
            116.3522298,
            39.9565588
          ],
          [
            116.3523282,
            39.9565586
          ],
          [
            116.3549264,
            39.956553
          ],
          [
            116.3549722,
            39.9565529
          ],
          [
            116.3551539,
            39.9565525
          ]
        ]
      },
      "id": "way/1068809898"
    },
    {
      "type": "Feature",
      "properties": {
        "@id": "way/1068809899",
        "highway": "tertiary",
        "name": "西土城路",
        "oneway": "yes"
      },
      "geometry": {
        "type": "LineString",
        "coordinates": [
          [
            116.3472063,
            39.9651893
          ],
          [
            116.3470514,
            39.9642366
          ],
          [
            116.3469898,
            39.9638749
          ]
        ]
      },
      "id": "way/1068809899"
    },
    {
      "type": "Feature",
      "properties": {
        "@id": "way/1118949258",
        "highway": "footway"
      },
      "geometry": {
        "type": "LineString",
        "coordinates": [
          [
            116.3476843,
            39.9637127
          ],
          [
            116.3477421,
            39.9637119
          ],
          [
            116.347941,
            39.9637099
          ],
          [
            116.3482298,
            39.9637198
          ],
          [
            116.3484812,
            39.9637284
          ]
        ]
      },
      "id": "way/1118949258"
    },
    {
      "type": "Feature",
      "properties": {
        "@id": "way/1118951842",
        "footway": "sidewalk",
        "highway": "footway"
      },
      "geometry": {
        "type": "LineString",
        "coordinates": [
          [
            116.3486569,
            39.9599831
          ],
          [
            116.3486478,
            39.960055
          ],
          [
            116.3486426,
            39.9600956
          ]
        ]
      },
      "id": "way/1118951842"
    },
    {
      "type": "Feature",
      "properties": {
        "@id": "way/1118951843",
        "footway": "sidewalk",
        "highway": "footway"
      },
      "geometry": {
        "type": "LineString",
        "coordinates": [
          [
            116.3486569,
            39.9599831
          ],
          [
            116.3487881,
            39.9577213
          ],
          [
            116.3488305,
            39.9568622
          ],
          [
            116.3483772,
            39.9568921
          ],
          [
            116.3483609,
            39.9569078
          ],
          [
            116.3483288,
            39.9569387
          ],
          [
            116.3482931,
            39.956993
          ]
        ]
      },
      "id": "way/1118951843"
    },
    {
      "type": "Feature",
      "properties": {
        "@id": "way/1118951845",
        "footway": "sidewalk",
        "highway": "footway"
      },
      "geometry": {
        "type": "LineString",
        "coordinates": [
          [
            116.3474435,
            39.9571421
          ],
          [
            116.3474565,
            39.956975
          ],
          [
            116.3474738,
            39.9569578
          ],
          [
            116.347493,
            39.9569388
          ],
          [
            116.347563,
            39.9569257
          ],
          [
            116.3480869,
            39.9569096
          ],
          [
            116.3481001,
            39.9569245
          ],
          [
            116.3481189,
            39.9569456
          ],
          [
            116.3479261,
            39.9572847
          ]
        ]
      },
      "id": "way/1118951845"
    },
    {
      "type": "Feature",
      "properties": {
        "@id": "way/1118951846",
        "crossing": "marked",
        "footway": "crossing",
        "highway": "footway"
      },
      "geometry": {
        "type": "LineString",
        "coordinates": [
          [
            116.3473199,
            39.9569651
          ],
          [
            116.3474199,
            39.9569604
          ],
          [
            116.3474738,
            39.9569578
          ]
        ]
      },
      "id": "way/1118951846"
    },
    {
      "type": "Feature",
      "properties": {
        "@id": "way/1118951847",
        "crossing": "marked",
        "footway": "crossing",
        "highway": "footway"
      },
      "geometry": {
        "type": "LineString",
        "coordinates": [
          [
            116.3481001,
            39.9569245
          ],
          [
            116.3482994,
            39.9569117
          ],
          [
            116.3483609,
            39.9569078
          ]
        ]
      },
      "id": "way/1118951847"
    },
    {
      "type": "Feature",
      "properties": {
        "@id": "way/1118951848",
        "footway": "sidewalk",
        "highway": "footway"
      },
      "geometry": {
        "type": "LineString",
        "coordinates": [
          [
            116.3473876,
            39.9605576
          ],
          [
            116.3472303,
            39.9636994
          ],
          [
            116.3472572,
            39.9639887
          ],
          [
            116.3472979,
            39.9641503
          ],
          [
            116.3474265,
            39.9646604
          ],
          [
            116.3474757,
            39.9648789
          ]
        ]
      },
      "id": "way/1118951848"
    },
    {
      "type": "Feature",
      "properties": {
        "@id": "way/1118951849",
        "highway": "footway"
      },
      "geometry": {
        "type": "LineString",
        "coordinates": [
          [
            116.3472303,
            39.9636994
          ],
          [
            116.3473306,
            39.9637034
          ],
          [
            116.3473963,
            39.9637059
          ],
          [
            116.3474184,
            39.9637068
          ]
        ]
      },
      "id": "way/1118951849"
    },
    {
      "type": "Feature",
      "properties": {
        "@id": "way/1118957782",
        "highway": "footway"
      },
      "geometry": {
        "type": "LineString",
        "coordinates": [
          [
            116.3554049,
            39.9570743
          ],
          [
            116.3554016,
            39.9569033
          ]
        ]
      },
      "id": "way/1118957782"
    },
    {
      "type": "Feature",
      "properties": {
        "@id": "way/1118957783",
        "footway": "sidewalk",
        "highway": "footway"
      },
      "geometry": {
        "type": "LineString",
        "coordinates": [
          [
            116.3547614,
            39.9609892
          ],
          [
            116.354971,
            39.9568367
          ],
          [
            116.3549628,
            39.9568185
          ],
          [
            116.3549184,
            39.9567857
          ],
          [
            116.3518341,
            39.956796
          ],
          [
            116.3508374,
            39.9567925
          ],
          [
            116.3492857,
            39.9567857
          ],
          [
            116.3492106,
            39.9568083
          ],
          [
            116.3491355,
            39.95687
          ],
          [
            116.3491248,
            39.9571578
          ]
        ]
      },
      "id": "way/1118957783"
    },
    {
      "type": "Feature",
      "properties": {
        "@id": "way/1118957784",
        "crossing": "traffic_signals",
        "crossing:markings": "yes",
        "footway": "crossing",
        "highway": "footway"
      },
      "geometry": {
        "type": "LineString",
        "coordinates": [
          [
            116.3549628,
            39.9568185
          ],
          [
            116.3549687,
            39.9567108
          ],
          [
            116.3549704,
            39.9566334
          ],
          [
            116.3549722,
            39.9565529
          ],
          [
            116.3549738,
            39.9564809
          ],
          [
            116.3549769,
            39.9564583
          ]
        ]
      },
      "id": "way/1118957784"
    },
    {
      "type": "Feature",
      "properties": {
        "@id": "way/1118957785",
        "crossing": "traffic_signals",
        "crossing:markings": "zebra",
        "footway": "crossing",
        "highway": "footway"
      },
      "geometry": {
        "type": "LineString",
        "coordinates": [
          [
            116.3549628,
            39.9568185
          ],
          [
            116.3550955,
            39.9568073
          ],
          [
            116.3551847,
            39.9568042
          ],
          [
            116.3552993,
            39.9568042
          ]
        ]
      },
      "id": "way/1118957785"
    },
    {
      "type": "Feature",
      "properties": {
        "@id": "way/1118957786",
        "crossing": "traffic_signals",
        "crossing:markings": "yes",
        "footway": "crossing",
        "highway": "footway"
      },
      "geometry": {
        "type": "LineString",
        "coordinates": [
          [
            116.3552993,
            39.9568042
          ],
          [
            116.3553027,
            39.9567082
          ],
          [
            116.3553055,
            39.9566321
          ],
          [
            116.3553083,
            39.9565519
          ],
          [
            116.3553109,
            39.9564799
          ],
          [
            116.355312,
            39.9564457
          ]
        ]
      },
      "id": "way/1118957786"
    },
    {
      "type": "Feature",
      "properties": {
        "@id": "way/1118958175",
        "highway": "residential"
      },
      "geometry": {
        "type": "LineString",
        "coordinates": [
          [
            116.3474878,
            39.9567194
          ],
          [
            116.347489,
            39.9566521
          ],
          [
            116.3474996,
            39.9564572
          ]
        ]
      },
      "id": "way/1118958175"
    },
    {
      "type": "Feature",
      "properties": {
        "@id": "way/1375509856",
        "highway": "service"
      },
      "geometry": {
        "type": "LineString",
        "coordinates": [
          [
            116.352527,
            39.9603031
          ],
          [
            116.352836,
            39.9603052
          ],
          [
            116.3531339,
            39.9603073
          ]
        ]
      },
      "id": "way/1375509856"
    },
    {
      "type": "Feature",
      "properties": {
        "@id": "way/1375509861",
        "highway": "service"
      },
      "geometry": {
        "type": "LineString",
        "coordinates": [
          [
            116.3525308,
            39.9603472
          ],
          [
            116.3525997,
            39.9603596
          ]
        ]
      },
      "id": "way/1375509861"
    },
    {
      "type": "Feature",
      "properties": {
        "@id": "way/1375509862",
        "highway": "footway"
      },
      "geometry": {
        "type": "LineString",
        "coordinates": [
          [
            116.3510651,
            39.9598768
          ],
          [
            116.3511817,
            39.959877
          ]
        ]
      },
      "id": "way/1375509862"
    },
    {
      "type": "Feature",
      "properties": {
        "@id": "way/1375509863",
        "highway": "service"
      },
      "geometry": {
        "type": "LineString",
        "coordinates": [
          [
            116.3508741,
            39.9635442
          ],
          [
            116.3508713,
            39.9635727
          ],
          [
            116.3508681,
            39.9636047
          ],
          [
            116.3508654,
            39.9636321
          ]
        ]
      },
      "id": "way/1375509863"
    },
    {
      "type": "Feature",
      "properties": {
        "@id": "way/1375509864",
        "bicycle": "yes",
        "highway": "footway",
        "motor_vehicle": "no"
      },
      "geometry": {
        "type": "LineString",
        "coordinates": [
          [
            116.3547182,
            39.9601569
          ],
          [
            116.3547283,
            39.9601988
          ],
          [
            116.3546902,
            39.9608837
          ],
          [
            116.3546349,
            39.9608998
          ],
          [
            116.3546312,
            39.9609973
          ],
          [
            116.3547021,
            39.9610504
          ]
        ]
      },
      "id": "way/1375509864"
    },
    {
      "type": "Feature",
      "properties": {
        "@id": "way/1375523406",
        "highway": "service"
      },
      "geometry": {
        "type": "LineString",
        "coordinates": [
          [
            116.3509816,
            39.9619405
          ],
          [
            116.3511709,
            39.9619432
          ],
          [
            116.3511954,
            39.9619435
          ],
          [
            116.3512866,
            39.9619454
          ],
          [
            116.351377,
            39.961946
          ],
          [
            116.351434,
            39.9619471
          ],
          [
            116.3517131,
            39.9619524
          ],
          [
            116.3517653,
            39.9619534
          ],
          [
            116.3519351,
            39.9619567
          ],
          [
            116.3520363,
            39.9619586
          ],
          [
            116.3524682,
            39.9619767
          ]
        ]
      },
      "id": "way/1375523406"
    },
    {
      "type": "Feature",
      "properties": {
        "@id": "way/1375523407",
        "highway": "service"
      },
      "geometry": {
        "type": "LineString",
        "coordinates": [
          [
            116.3509512,
            39.9624236
          ],
          [
            116.3509553,
            39.9623583
          ],
          [
            116.3509666,
            39.9621783
          ],
          [
            116.3509749,
            39.9620474
          ],
          [
            116.3509816,
            39.9619405
          ]
        ]
      },
      "id": "way/1375523407"
    },
    {
      "type": "Feature",
      "properties": {
        "@id": "way/1375523409",
        "bicycle": "yes",
        "highway": "footway"
      },
      "geometry": {
        "type": "LineString",
        "coordinates": [
          [
            116.3492616,
            39.9616411
          ],
          [
            116.3496272,
            39.9616517
          ],
          [
            116.3500633,
            39.9616593
          ],
          [
            116.3504996,
            39.9616695
          ],
          [
            116.3509947,
            39.9616797
          ]
        ]
      },
      "id": "way/1375523409"
    },
    {
      "type": "Feature",
      "properties": {
        "@id": "way/1375523410",
        "highway": "footway"
      },
      "geometry": {
        "type": "LineString",
        "coordinates": [
          [
            116.349272,
            39.9613981
          ],
          [
            116.350079,
            39.9614141
          ],
          [
            116.3501511,
            39.9614161
          ],
          [
            116.3507659,
            39.9614333
          ],
          [
            116.3510066,
            39.9614431
          ]
        ]
      },
      "id": "way/1375523410"
    },
    {
      "type": "Feature",
      "properties": {
        "@id": "way/1375523411",
        "highway": "footway"
      },
      "geometry": {
        "type": "LineString",
        "coordinates": [
          [
            116.3492814,
            39.9611643
          ],
          [
            116.3500882,
            39.9611869
          ],
          [
            116.3501513,
            39.9611885
          ],
          [
            116.3503309,
            39.9611929
          ],
          [
            116.3508741,
            39.9612051
          ],
          [
            116.3510184,
            39.9612099
          ]
        ]
      },
      "id": "way/1375523411"
    },
    {
      "type": "Feature",
      "properties": {
        "@id": "way/1375595583",
        "highway": "footway"
      },
      "geometry": {
        "type": "LineString",
        "coordinates": [
          [
            116.3492445,
            39.9620277
          ],
          [
            116.3496168,
            39.9620337
          ],
          [
            116.350048,
            39.9620394
          ],
          [
            116.3504805,
            39.9620432
          ],
          [
            116.3509749,
            39.9620474
          ]
        ]
      },
      "id": "way/1375595583"
    },
    {
      "type": "Feature",
      "properties": {
        "@id": "way/1375595591",
        "highway": "footway"
      },
      "geometry": {
        "type": "LineString",
        "coordinates": [
          [
            116.3504805,
            39.9620432
          ],
          [
            116.3504806,
            39.9618834
          ],
          [
            116.3504996,
            39.9616695
          ]
        ]
      },
      "id": "way/1375595591"
    },
    {
      "type": "Feature",
      "properties": {
        "@id": "way/1375595592",
        "highway": "footway"
      },
      "geometry": {
        "type": "LineString",
        "coordinates": [
          [
            116.3504806,
            39.9618834
          ],
          [
            116.3505208,
            39.9618691
          ],
          [
            116.3505493,
            39.9618655
          ],
          [
            116.3506179,
            39.9618981
          ],
          [
            116.350671,
            39.9619179
          ],
          [
            116.3507288,
            39.9619198
          ],
          [
            116.3508389,
            39.9618886
          ],
          [
            116.350984,
            39.9618934
          ]
        ]
      },
      "id": "way/1375595592"
    },
    {
      "type": "Feature",
      "properties": {
        "@id": "way/1375595593",
        "highway": "footway"
      },
      "geometry": {
        "type": "LineString",
        "coordinates": [
          [
            116.3504806,
            39.9618834
          ],
          [
            116.3503858,
            39.9618857
          ],
          [
            116.3503039,
            39.9618579
          ],
          [
            116.3502506,
            39.9618486
          ],
          [
            116.3501572,
            39.9618874
          ],
          [
            116.3500589,
            39.9618873
          ]
        ]
      },
      "id": "way/1375595593"
    },
    {
      "type": "Feature",
      "properties": {
        "@id": "way/1375595594",
        "highway": "footway"
      },
      "geometry": {
        "type": "LineString",
        "coordinates": [
          [
            116.3496168,
            39.9620337
          ],
          [
            116.3496183,
            39.9618736
          ],
          [
            116.3496272,
            39.9616517
          ]
        ]
      },
      "id": "way/1375595594"
    },
    {
      "type": "Feature",
      "properties": {
        "@id": "way/1375595595",
        "highway": "footway"
      },
      "geometry": {
        "type": "LineString",
        "coordinates": [
          [
            116.3496183,
            39.9618736
          ],
          [
            116.349673,
            39.9618678
          ],
          [
            116.3497258,
            39.9618653
          ],
          [
            116.3497847,
            39.9618597
          ],
          [
            116.3498888,
            39.9618655
          ],
          [
            116.349928,
            39.9618817
          ],
          [
            116.3500589,
            39.9618873
          ]
        ]
      },
      "id": "way/1375595595"
    },
    {
      "type": "Feature",
      "properties": {
        "@id": "way/1375595596",
        "highway": "footway"
      },
      "geometry": {
        "type": "LineString",
        "coordinates": [
          [
            116.3496183,
            39.9618736
          ],
          [
            116.3495517,
            39.9618581
          ],
          [
            116.349503,
            39.9618361
          ],
          [
            116.3494206,
            39.9618283
          ],
          [
            116.349373,
            39.9618339
          ],
          [
            116.3492499,
            39.9618526
          ]
        ]
      },
      "id": "way/1375595596"
    },
    {
      "type": "Feature",
      "properties": {
        "@id": "way/1375595598",
        "highway": "path",
        "informal": "yes"
      },
      "geometry": {
        "type": "LineString",
        "coordinates": [
          [
            116.3509666,
            39.9621783
          ],
          [
            116.3511846,
            39.962183
          ]
        ]
      },
      "id": "way/1375595598"
    },
    {
      "type": "Feature",
      "properties": {
        "@id": "way/1375837499",
        "highway": "footway"
      },
      "geometry": {
        "type": "LineString",
        "coordinates": [
          [
            116.3510416,
            39.9606805
          ],
          [
            116.351672,
            39.9606996
          ]
        ]
      },
      "id": "way/1375837499"
    },
    {
      "type": "Feature",
      "properties": {
        "@id": "way/1375837505",
        "highway": "service"
      },
      "geometry": {
        "type": "LineString",
        "coordinates": [
          [
            116.3510549,
            39.9603749
          ],
          [
            116.3510651,
            39.9598768
          ]
        ]
      },
      "id": "way/1375837505"
    },
    {
      "type": "Feature",
      "properties": {
        "@id": "way/1375837508",
        "highway": "service"
      },
      "geometry": {
        "type": "LineString",
        "coordinates": [
          [
            116.3525013,
            39.9612766
          ],
          [
            116.352449,
            39.9612761
          ]
        ]
      },
      "id": "way/1375837508"
    },
    {
      "type": "Feature",
      "properties": {
        "@id": "way/1375837509",
        "highway": "footway"
      },
      "geometry": {
        "type": "LineString",
        "coordinates": [
          [
            116.3493391,
            39.9598296
          ],
          [
            116.3494967,
            39.9598316
          ]
        ]
      },
      "id": "way/1375837509"
    },
    {
      "type": "Feature",
      "properties": {
        "@id": "way/1375837510",
        "bicycle": "yes",
        "highway": "footway"
      },
      "geometry": {
        "type": "LineString",
        "coordinates": [
          [
            116.350878,
            39.9598757
          ],
          [
            116.3510651,
            39.9598768
          ]
        ]
      },
      "id": "way/1375837510"
    },
    {
      "type": "Feature",
      "properties": {
        "@id": "way/1375837512",
        "highway": "service"
      },
      "geometry": {
        "type": "LineString",
        "coordinates": [
          [
            116.3538831,
            39.9602832
          ],
          [
            116.35389,
            39.9600574
          ],
          [
            116.3538908,
            39.9600316
          ],
          [
            116.3538913,
            39.9600155
          ]
        ]
      },
      "id": "way/1375837512"
    },
    {
      "type": "Feature",
      "properties": {
        "@id": "way/1375837514",
        "highway": "service"
      },
      "geometry": {
        "type": "LineString",
        "coordinates": [
          [
            116.3531339,
            39.9603073
          ],
          [
            116.3531311,
            39.9603409
          ]
        ]
      },
      "id": "way/1375837514"
    },
    {
      "type": "Feature",
      "properties": {
        "@id": "way/1375837515",
        "highway": "service"
      },
      "geometry": {
        "type": "LineString",
        "coordinates": [
          [
            116.3542143,
            39.961042
          ],
          [
            116.3542114,
            39.9609927
          ]
        ]
      },
      "id": "way/1375837515"
    },
    {
      "type": "Feature",
      "properties": {
        "@id": "way/1375837516",
        "bicycle": "yes",
        "highway": "footway",
        "layer": "-1"
      },
      "geometry": {
        "type": "LineString",
        "coordinates": [
          [
            116.349988,
            39.9631442
          ],
          [
            116.3508861,
            39.9631732
          ]
        ]
      },
      "id": "way/1375837516"
    },
    {
      "type": "Feature",
      "properties": {
        "@id": "way/1375860722",
        "highway": "footway"
      },
      "geometry": {
        "type": "LineString",
        "coordinates": [
          [
            116.3513457,
            39.9630299
          ],
          [
            116.35135,
            39.962867
          ],
          [
            116.3513608,
            39.9624585
          ]
        ]
      },
      "id": "way/1375860722"
    },
    {
      "type": "Feature",
      "properties": {
        "@id": "way/1376080277",
        "highway": "service",
        "service": "alley"
      },
      "geometry": {
        "type": "LineString",
        "coordinates": [
          [
            116.351672,
            39.9606996
          ],
          [
            116.3516598,
            39.9609596
          ]
        ]
      },
      "id": "way/1376080277"
    },
    {
      "type": "Feature",
      "properties": {
        "@id": "way/1376105774",
        "highway": "service"
      },
      "geometry": {
        "type": "LineString",
        "coordinates": [
          [
            116.3525277,
            39.9603978
          ],
          [
            116.3525308,
            39.9603472
          ],
          [
            116.352527,
            39.9603031
          ]
        ]
      },
      "id": "way/1376105774"
    },
    {
      "type": "Feature",
      "properties": {
        "@id": "way/1376105775",
        "highway": "footway"
      },
      "geometry": {
        "type": "LineString",
        "coordinates": [
          [
            116.35292,
            39.9607538
          ],
          [
            116.352861,
            39.9607816
          ],
          [
            116.3528489,
            39.9608171
          ],
          [
            116.3528127,
            39.9608418
          ],
          [
            116.3527633,
            39.9608534
          ],
          [
            116.3525922,
            39.960939
          ],
          [
            116.3525442,
            39.9609907
          ]
        ]
      },
      "id": "way/1376105775"
    },
    {
      "type": "Feature",
      "properties": {
        "@id": "way/1376105779",
        "crossing": "有交通信号的人行横道2",
        "crossing:markings": "yes",
        "footway": "crossing",
        "highway": "footway"
      },
      "geometry": {
        "type": "LineString",
        "coordinates": [
          [
            116.3547614,
            39.9609892
          ],
          [
            116.3548706,
            39.9609902
          ],
          [
            116.3549636,
            39.9609896
          ],
          [
            116.3550839,
            39.9609906
          ]
        ]
      },
      "id": "way/1376105779"
    },
    {
      "type": "Feature",
      "properties": {
        "@id": "way/1376105780",
        "crossing": "uncontrolled",
        "crossing:markings": "yes",
        "footway": "crossing",
        "highway": "footway"
      },
      "geometry": {
        "type": "LineString",
        "coordinates": [
          [
            116.3547614,
            39.9609892
          ],
          [
            116.3547549,
            39.9610483
          ],
          [
            116.3547518,
            39.9611813
          ]
        ]
      },
      "id": "way/1376105780"
    },
    {
      "type": "Feature",
      "properties": {
        "@id": "way/1376105781",
        "footway": "sidewalk",
        "highway": "footway"
      },
      "geometry": {
        "type": "LineString",
        "coordinates": [
          [
            116.354652,
            39.9632864
          ],
          [
            116.3546236,
            39.9637023
          ],
          [
            116.3545977,
            39.9637153
          ],
          [
            116.3509792,
            39.9636054
          ]
        ]
      },
      "id": "way/1376105781"
    },
    {
      "type": "Feature",
      "properties": {
        "@id": "way/1376105782",
        "highway": "footway"
      },
      "geometry": {
        "type": "LineString",
        "coordinates": [
          [
            116.3509792,
            39.9636054
          ],
          [
            116.3508681,
            39.9636047
          ],
          [
            116.3507788,
            39.9636037
          ]
        ]
      },
      "id": "way/1376105782"
    },
    {
      "type": "Feature",
      "properties": {
        "@id": "way/1376105783",
        "crossing": "traffic_signals",
        "crossing:markings": "yes",
        "footway": "crossing",
        "highway": "footway"
      },
      "geometry": {
        "type": "LineString",
        "coordinates": [
          [
            116.3547448,
            39.9614009
          ],
          [
            116.3548538,
            39.9614061
          ],
          [
            116.3549435,
            39.9614096
          ],
          [
            116.3550519,
            39.9614124
          ]
        ]
      },
      "id": "way/1376105783"
    },
    {
      "type": "Feature",
      "properties": {
        "@id": "way/1376105784",
        "crossing": "uncontrolled",
        "crossing:markings": "yes",
        "footway": "crossing",
        "highway": "footway"
      },
      "geometry": {
        "type": "LineString",
        "coordinates": [
          [
            116.3550519,
            39.9614124
          ],
          [
            116.3550614,
            39.961303
          ],
          [
            116.3550704,
            39.9611979
          ]
        ]
      },
      "id": "way/1376105784"
    },
    {
      "type": "Feature",
      "properties": {
        "@id": "way/1376105785",
        "footway": "sidewalk",
        "highway": "footway"
      },
      "geometry": {
        "type": "LineString",
        "coordinates": [
          [
            116.3550704,
            39.9611979
          ],
          [
            116.3550839,
            39.9609906
          ]
        ]
      },
      "id": "way/1376105785"
    },
    {
      "type": "Feature",
      "properties": {
        "@id": "way/1376105786",
        "bridge": "yes",
        "highway": "steps",
        "layer": "1"
      },
      "geometry": {
        "type": "LineString",
        "coordinates": [
          [
            116.3550264,
            39.9616595
          ],
          [
            116.3550475,
            39.9615032
          ]
        ]
      },
      "id": "way/1376105786"
    },
    {
      "type": "Feature",
      "properties": {
        "@id": "way/1376105787",
        "bridge": "yes",
        "highway": "footway",
        "layer": "1"
      },
      "geometry": {
        "type": "LineString",
        "coordinates": [
          [
            116.3547533,
            39.9616522
          ],
          [
            116.3550264,
            39.9616595
          ]
        ]
      },
      "id": "way/1376105787"
    },
    {
      "type": "Feature",
      "properties": {
        "@id": "way/1376105788",
        "bicycle": "yes",
        "bridge": "yes",
        "highway": "footway",
        "layer": "1"
      },
      "geometry": {
        "type": "LineString",
        "coordinates": [
          [
            116.3547294,
            39.9618831
          ],
          [
            116.3547533,
            39.9616522
          ]
        ]
      },
      "id": "way/1376105788"
    },
    {
      "type": "Feature",
      "properties": {
        "@id": "way/1376105789",
        "footway": "sidewalk",
        "highway": "footway"
      },
      "geometry": {
        "type": "LineString",
        "coordinates": [
          [
            116.3550519,
            39.9614124
          ],
          [
            116.3550475,
            39.9615032
          ],
          [
            116.355029,
            39.9618853
          ],
          [
            116.3549411,
            39.9636959
          ],
          [
            116.3549804,
            39.9637198
          ]
        ]
      },
      "id": "way/1376105789"
    },
    {
      "type": "Feature",
      "properties": {
        "@id": "way/1376105790",
        "bicycle": "yes",
        "bridge": "yes",
        "highway": "footway",
        "layer": "1"
      },
      "geometry": {
        "type": "LineString",
        "coordinates": [
          [
            116.355029,
            39.9618853
          ],
          [
            116.3550264,
            39.9616595
          ]
        ]
      },
      "id": "way/1376105790"
    },
    {
      "type": "Feature",
      "properties": {
        "@id": "way/1376105793",
        "crossing": "uncontrolled",
        "crossing:markings": "yes",
        "footway": "crossing",
        "highway": "footway"
      },
      "geometry": {
        "type": "LineString",
        "coordinates": [
          [
            116.3490092,
            39.9599172
          ],
          [
            116.3490109,
            39.9597899
          ],
          [
            116.3490136,
            39.9595858
          ]
        ]
      },
      "id": "way/1376105793"
    },
    {
      "type": "Feature",
      "properties": {
        "@id": "way/1376105794",
        "footway": "sidewalk",
        "highway": "footway"
      },
      "geometry": {
        "type": "LineString",
        "coordinates": [
          [
            116.3490136,
            39.9595858
          ],
          [
            116.3491248,
            39.9571578
          ]
        ]
      },
      "id": "way/1376105794"
    },
    {
      "type": "Feature",
      "properties": {
        "@id": "way/1376105796",
        "footway": "sidewalk",
        "highway": "footway"
      },
      "geometry": {
        "type": "LineString",
        "coordinates": [
          [
            116.3507788,
            39.9636037
          ],
          [
            116.3498874,
            39.9635783
          ],
          [
            116.3492407,
            39.9635599
          ],
          [
            116.3489011,
            39.9635503
          ],
          [
            116.3488841,
            39.9635462
          ],
          [
            116.3488614,
            39.9635408
          ],
          [
            116.3488519,
            39.9635003
          ],
          [
            116.3489959,
            39.9604765
          ]
        ]
      },
      "id": "way/1376105796"
    },
    {
      "type": "Feature",
      "properties": {
        "@id": "way/1376105797",
        "bridge": "yes",
        "highway": "steps",
        "layer": "1"
      },
      "geometry": {
        "type": "LineString",
        "coordinates": [
          [
            116.3489959,
            39.9604765
          ],
          [
            116.3490026,
            39.9603069
          ]
        ]
      },
      "id": "way/1376105797"
    },
    {
      "type": "Feature",
      "properties": {
        "@id": "way/1376429677",
        "highway": "pedestrian"
      },
      "geometry": {
        "type": "LineString",
        "coordinates": [
          [
            116.3494967,
            39.9598316
          ],
          [
            116.3500007,
            39.9598497
          ],
          [
            116.3501595,
            39.9598554
          ],
          [
            116.3502874,
            39.95986
          ],
          [
            116.3505701,
            39.9598701
          ],
          [
            116.3505756,
            39.9598217
          ],
          [
            116.3507112,
            39.9598217
          ],
          [
            116.3507112,
            39.9598719
          ],
          [
            116.35085,
            39.9598751
          ],
          [
            116.350878,
            39.9598757
          ]
        ]
      },
      "id": "way/1376429677"
    },
    {
      "type": "Feature",
      "properties": {
        "@id": "way/1376429678",
        "highway": "pedestrian"
      },
      "geometry": {
        "type": "LineString",
        "coordinates": [
          [
            116.3505701,
            39.9598701
          ],
          [
            116.3505654,
            39.9599311
          ],
          [
            116.3507112,
            39.9599347
          ],
          [
            116.3507112,
            39.9598719
          ]
        ]
      },
      "id": "way/1376429678"
    },
    {
      "type": "Feature",
      "properties": {
        "@id": "way/1376632764",
        "footway": "sidewalk",
        "highway": "footway"
      },
      "geometry": {
        "type": "LineString",
        "coordinates": [
          [
            116.348774,
            39.9646388
          ],
          [
            116.3488078,
            39.9637036
          ],
          [
            116.3488566,
            39.9636604
          ],
          [
            116.3489205,
            39.9636403
          ]
        ]
      },
      "id": "way/1376632764"
    },
    {
      "type": "Feature",
      "properties": {
        "@id": "way/1376632765",
        "crossing": "uncontrolled",
        "crossing:markings": "yes",
        "footway": "crossing",
        "highway": "footway"
      },
      "geometry": {
        "type": "LineString",
        "coordinates": [
          [
            116.3488078,
            39.9637036
          ],
          [
            116.3488355,
            39.9635761
          ],
          [
            116.3488519,
            39.9635003
          ]
        ]
      },
      "id": "way/1376632765"
    },
    {
      "type": "Feature",
      "properties": {
        "@id": "way/1376633063",
        "highway": "service"
      },
      "geometry": {
        "type": "LineString",
        "coordinates": [
          [
            116.349227,
            39.9623007
          ],
          [
            116.3500219,
            39.9623219
          ]
        ]
      },
      "id": "way/1376633063"
    },
    {
      "type": "Feature",
      "properties": {
        "@id": "way/1376641641",
        "highway": "footway"
      },
      "geometry": {
        "type": "LineString",
        "coordinates": [
          [
            116.3524241,
            39.9635312
          ],
          [
            116.3524124,
            39.9635782
          ],
          [
            116.3518795,
            39.9635625
          ]
        ]
      },
      "id": "way/1376641641"
    },
    {
      "type": "Feature",
      "properties": {
        "@id": "way/1376641644",
        "highway": "footway"
      },
      "geometry": {
        "type": "LineString",
        "coordinates": [
          [
            116.3523349,
            39.963172
          ],
          [
            116.3524168,
            39.9630851
          ]
        ]
      },
      "id": "way/1376641644"
    },
    {
      "type": "Feature",
      "properties": {
        "@id": "way/1376641645",
        "highway": "steps"
      },
      "geometry": {
        "type": "LineString",
        "coordinates": [
          [
            116.3523248,
            39.9632812
          ],
          [
            116.3523348,
            39.9632059
          ],
          [
            116.3523349,
            39.963172
          ]
        ]
      },
      "id": "way/1376641645"
    },
    {
      "type": "Feature",
      "properties": {
        "@id": "way/1376641646",
        "highway": "steps"
      },
      "geometry": {
        "type": "LineString",
        "coordinates": [
          [
            116.3523248,
            39.9632812
          ],
          [
            116.3523762,
            39.9632908
          ],
          [
            116.3524296,
            39.9633009
          ]
        ]
      },
      "id": "way/1376641646"
    },
    {
      "type": "Feature",
      "properties": {
        "@id": "way/1376682969",
        "footway": "sidewalk",
        "highway": "footway"
      },
      "geometry": {
        "type": "LineString",
        "coordinates": [
          [
            116.3490075,
            39.9600445
          ],
          [
            116.3490092,
            39.9599172
          ]
        ]
      },
      "id": "way/1376682969"
    },
    {
      "type": "Feature",
      "properties": {
        "@id": "way/1376959192",
        "highway": "service",
        "service": "parking_aisle"
      },
      "geometry": {
        "type": "LineString",
        "coordinates": [
          [
            116.352449,
            39.9612761
          ],
          [
            116.3524105,
            39.9612737
          ],
          [
            116.3523552,
            39.9612702
          ],
          [
            116.3523595,
            39.9610582
          ]
        ]
      },
      "id": "way/1376959192"
    },
    {
      "type": "Feature",
      "properties": {
        "@id": "way/1376959193",
        "highway": "service",
        "service": "parking_aisle"
      },
      "geometry": {
        "type": "LineString",
        "coordinates": [
          [
            116.3524105,
            39.9612737
          ],
          [
            116.3523977,
            39.9616169
          ],
          [
            116.3523656,
            39.9616231
          ],
          [
            116.3523031,
            39.961635
          ],
          [
            116.3522869,
            39.9618328
          ]
        ]
      },
      "id": "way/1376959193"
    },
    {
      "type": "Feature",
      "properties": {
        "@id": "way/1376959194",
        "highway": "service",
        "service": "parking_aisle"
      },
      "geometry": {
        "type": "LineString",
        "coordinates": [
          [
            116.3523656,
            39.9616231
          ],
          [
            116.352397,
            39.961643
          ],
          [
            116.3524815,
            39.9616442
          ]
        ]
      },
      "id": "way/1376959194"
    },
    {
      "type": "Feature",
      "properties": {
        "@id": "way/1376959197",
        "highway": "service",
        "service": "parking_aisle"
      },
      "geometry": {
        "type": "LineString",
        "coordinates": [
          [
            116.3516699,
            39.963007
          ],
          [
            116.3516829,
            39.9627521
          ]
        ]
      },
      "id": "way/1376959197"
    },
    {
      "type": "Feature",
      "properties": {
        "@id": "way/1377379911",
        "highway": "service"
      },
      "geometry": {
        "type": "LineString",
        "coordinates": [
          [
            116.3493835,
            39.9583773
          ],
          [
            116.3493992,
            39.9581278
          ],
          [
            116.3494021,
            39.9580229
          ],
          [
            116.3494042,
            39.9579447
          ],
          [
            116.3494077,
            39.9578195
          ],
          [
            116.349419,
            39.9574133
          ],
          [
            116.3494217,
            39.9573177
          ],
          [
            116.3494317,
            39.9570299
          ],
          [
            116.3498334,
            39.9570273
          ],
          [
            116.3500018,
            39.9570262
          ],
          [
            116.3502681,
            39.9570244
          ],
          [
            116.350262,
            39.9571419
          ]
        ]
      },
      "id": "way/1377379911"
    },
    {
      "type": "Feature",
      "properties": {
        "@id": "way/1377379917",
        "highway": "footway"
      },
      "geometry": {
        "type": "LineString",
        "coordinates": [
          [
            116.3569409,
            39.9621545
          ],
          [
            116.3557241,
            39.9621372
          ],
          [
            116.3557277,
            39.9619159
          ],
          [
            116.3563954,
            39.9619244
          ]
        ]
      },
      "id": "way/1377379917"
    },
    {
      "type": "Feature",
      "properties": {
        "@id": "way/1377379918",
        "footway": "sidewalk",
        "highway": "footway"
      },
      "geometry": {
        "type": "LineString",
        "coordinates": [
          [
            116.3486184,
            39.9605089
          ],
          [
            116.3485785,
            39.9604758
          ],
          [
            116.3486055,
            39.9600749
          ],
          [
            116.3486478,
            39.960055
          ]
        ]
      },
      "id": "way/1377379918"
    },
    {
      "type": "Feature",
      "properties": {
        "@id": "way/1377379924",
        "highway": "service",
        "service": "parking_aisle"
      },
      "geometry": {
        "type": "LineString",
        "coordinates": [
          [
            116.3531311,
            39.9603409
          ],
          [
            116.3530423,
            39.9605016
          ],
          [
            116.353037,
            39.9606707
          ],
          [
            116.3530347,
            39.9607441
          ],
          [
            116.3530302,
            39.960887
          ],
          [
            116.3542102,
            39.9609171
          ],
          [
            116.3542106,
            39.9609757
          ]
        ]
      },
      "id": "way/1377379924"
    },
    {
      "type": "Feature",
      "properties": {
        "@id": "way/1377379925",
        "highway": "service",
        "service": "parking_aisle"
      },
      "geometry": {
        "type": "LineString",
        "coordinates": [
          [
            116.3525997,
            39.9603596
          ],
          [
            116.3527261,
            39.9604436
          ],
          [
            116.3527193,
            39.9606653
          ],
          [
            116.353037,
            39.9606707
          ]
        ]
      },
      "id": "way/1377379925"
    },
    {
      "type": "Feature",
      "properties": {
        "@id": "way/1377379928",
        "highway": "service",
        "service": "alley"
      },
      "geometry": {
        "type": "LineString",
        "coordinates": [
          [
            116.3518971,
            39.960968
          ],
          [
            116.3519259,
            39.9606748
          ]
        ]
      },
      "id": "way/1377379928"
    },
    {
      "type": "Feature",
      "properties": {
        "@id": "way/1377379929",
        "highway": "service"
      },
      "geometry": {
        "type": "LineString",
        "coordinates": [
          [
            116.3566494,
            39.9637823
          ],
          [
            116.356648,
            39.9637163
          ],
          [
            116.3566434,
            39.9634927
          ]
        ]
      },
      "id": "way/1377379929"
    },
    {
      "type": "Feature",
      "properties": {
        "@id": "way/1377379930",
        "highway": "tertiary",
        "name": "邮电北路",
        "name:en": "North Youdian Road",
        "name:zh": "邮电北路",
        "name:zh-Hans": "邮电北路"
      },
      "geometry": {
        "type": "LineString",
        "coordinates": [
          [
            116.3548312,
            39.9637552
          ],
          [
            116.3562437,
            39.9637756
          ],
          [
            116.3564252,
            39.9637799
          ],
          [
            116.3566494,
            39.9637823
          ],
          [
            116.3570045,
            39.9637862
          ]
        ]
      },
      "id": "way/1377379930"
    },
    {
      "type": "Feature",
      "properties": {
        "@id": "way/1377417929",
        "highway": "service"
      },
      "geometry": {
        "type": "LineString",
        "coordinates": [
          [
            116.3500204,
            39.9624169
          ],
          [
            116.3499129,
            39.9624194
          ]
        ]
      },
      "id": "way/1377417929"
    },
    {
      "type": "Feature",
      "properties": {
        "@id": "way/1377435971",
        "highway": "steps"
      },
      "geometry": {
        "type": "LineString",
        "coordinates": [
          [
            116.3501007,
            39.9625095
          ],
          [
            116.3500172,
            39.9625099
          ]
        ]
      },
      "id": "way/1377435971"
    },
    {
      "type": "Feature",
      "properties": {
        "@id": "way/1377435982",
        "highway": "pedestrian"
      },
      "geometry": {
        "type": "LineString",
        "coordinates": [
          [
            116.3501409,
            39.9603636
          ],
          [
            116.350142,
            39.9603333
          ],
          [
            116.3501484,
            39.9601581
          ],
          [
            116.3501595,
            39.9598565
          ]
        ]
      },
      "id": "way/1377435982"
    },
    {
      "type": "Feature",
      "properties": {
        "@id": "way/1377435983",
        "highway": "pedestrian"
      },
      "geometry": {
        "type": "LineString",
        "coordinates": [
          [
            116.3501595,
            39.9598565
          ],
          [
            116.3501595,
            39.9598554
          ],
          [
            116.3501673,
            39.9595867
          ],
          [
            116.3501717,
            39.959437
          ]
        ]
      },
      "id": "way/1377435983"
    },
    {
      "type": "Feature",
      "properties": {
        "@id": "way/1377447908",
        "highway": "path",
        "informal": "yes"
      },
      "geometry": {
        "type": "LineString",
        "coordinates": [
          [
            116.3501511,
            39.9614161
          ],
          [
            116.3503158,
            39.9613645
          ],
          [
            116.3505384,
            39.9613004
          ],
          [
            116.3508741,
            39.9612051
          ]
        ]
      },
      "id": "way/1377447908"
    },
    {
      "type": "Feature",
      "properties": {
        "@id": "way/1377447909",
        "highway": "path",
        "informal": "yes"
      },
      "geometry": {
        "type": "LineString",
        "coordinates": [
          [
            116.3507659,
            39.9614333
          ],
          [
            116.3505384,
            39.9613004
          ],
          [
            116.3503309,
            39.9611929
          ]
        ]
      },
      "id": "way/1377447909"
    },
    {
      "type": "Feature",
      "properties": {
        "@id": "way/1377447910",
        "highway": "path",
        "informal": "yes"
      },
      "geometry": {
        "type": "LineString",
        "coordinates": [
          [
            116.3503158,
            39.9613645
          ],
          [
            116.3501513,
            39.9612833
          ]
        ]
      },
      "id": "way/1377447910"
    },
    {
      "type": "Feature",
      "properties": {
        "@id": "way/1377447911",
        "footway": "sidewalk",
        "highway": "footway"
      },
      "geometry": {
        "type": "LineString",
        "coordinates": [
          [
            116.3501511,
            39.9614161
          ],
          [
            116.3501513,
            39.9612833
          ],
          [
            116.3501513,
            39.9611885
          ]
        ]
      },
      "id": "way/1377447911"
    },
    {
      "type": "Feature",
      "properties": {
        "@id": "way/1377447913",
        "highway": "path",
        "informal": "yes"
      },
      "geometry": {
        "type": "LineString",
        "coordinates": [
          [
            116.3509579,
            39.9603737
          ],
          [
            116.3508688,
            39.9603114
          ],
          [
            116.3507388,
            39.9601767
          ],
          [
            116.350582,
            39.9601256
          ],
          [
            116.350431,
            39.9600956
          ],
          [
            116.350342,
            39.9600398
          ],
          [
            116.3503123,
            39.9599923
          ],
          [
            116.3502935,
            39.9599433
          ]
        ]
      },
      "id": "way/1377447913"
    },
    {
      "type": "Feature",
      "properties": {
        "@id": "way/1377447914",
        "highway": "path",
        "informal": "yes"
      },
      "geometry": {
        "type": "LineString",
        "coordinates": [
          [
            116.3501221,
            39.9595852
          ],
          [
            116.3501673,
            39.9595867
          ],
          [
            116.3502123,
            39.9595881
          ],
          [
            116.350353,
            39.9596013
          ],
          [
            116.3504991,
            39.9596151
          ],
          [
            116.3505429,
            39.9596192
          ],
          [
            116.3506168,
            39.9596017
          ],
          [
            116.3507398,
            39.9595727
          ],
          [
            116.3508099,
            39.9594414
          ],
          [
            116.3508247,
            39.9594166
          ],
          [
            116.3508979,
            39.9593494
          ]
        ]
      },
      "id": "way/1377447914"
    },
    {
      "type": "Feature",
      "properties": {
        "@id": "way/1377447915",
        "highway": "path",
        "informal": "yes"
      },
      "geometry": {
        "type": "LineString",
        "coordinates": [
          [
            116.3493391,
            39.9603441
          ],
          [
            116.3493948,
            39.9602962
          ],
          [
            116.3496826,
            39.9601132
          ],
          [
            116.349568,
            39.9600171
          ],
          [
            116.3495224,
            39.9599237
          ]
        ]
      },
      "id": "way/1377447915"
    },
    {
      "type": "Feature",
      "properties": {
        "@id": "way/1377447916",
        "highway": "path",
        "informal": "yes"
      },
      "geometry": {
        "type": "LineString",
        "coordinates": [
          [
            116.3496826,
            39.9601132
          ],
          [
            116.3498016,
            39.9600981
          ],
          [
            116.3498458,
            39.9600925
          ],
          [
            116.3499159,
            39.960046
          ],
          [
            116.3499876,
            39.9599345
          ],
          [
            116.3500007,
            39.9598497
          ],
          [
            116.3499981,
            39.959793
          ]
        ]
      },
      "id": "way/1377447916"
    },
    {
      "type": "Feature",
      "properties": {
        "@id": "way/1377447917",
        "highway": "path",
        "informal": "yes"
      },
      "geometry": {
        "type": "LineString",
        "coordinates": [
          [
            116.3498016,
            39.9600981
          ],
          [
            116.3500768,
            39.9601517
          ],
          [
            116.3501484,
            39.9601581
          ],
          [
            116.3501985,
            39.9601504
          ]
        ]
      },
      "id": "way/1377447917"
    },
    {
      "type": "Feature",
      "properties": {
        "@id": "way/1377447918",
        "highway": "path",
        "informal": "yes"
      },
      "geometry": {
        "type": "LineString",
        "coordinates": [
          [
            116.3501985,
            39.9601504
          ],
          [
            116.3504161,
            39.9601442
          ],
          [
            116.350582,
            39.9601256
          ]
        ]
      },
      "id": "way/1377447918"
    },
    {
      "type": "Feature",
      "properties": {
        "@id": "way/1377447919",
        "highway": "path",
        "informal": "yes"
      },
      "geometry": {
        "type": "LineString",
        "coordinates": [
          [
            116.350582,
            39.9601256
          ],
          [
            116.3506966,
            39.960077
          ],
          [
            116.3508113,
            39.9599492
          ],
          [
            116.35085,
            39.9598751
          ],
          [
            116.3508166,
            39.959816
          ]
        ]
      },
      "id": "way/1377447919"
    },
    {
      "type": "Feature",
      "properties": {
        "@id": "way/1377447920",
        "highway": "path",
        "informal": "yes"
      },
      "geometry": {
        "type": "LineString",
        "coordinates": [
          [
            116.3508166,
            39.959816
          ],
          [
            116.3507371,
            39.9596709
          ],
          [
            116.3506168,
            39.9596017
          ]
        ]
      },
      "id": "way/1377447920"
    },
    {
      "type": "Feature",
      "properties": {
        "@id": "way/1377447921",
        "highway": "path",
        "informal": "yes"
      },
      "geometry": {
        "type": "LineString",
        "coordinates": [
          [
            116.3502935,
            39.9599433
          ],
          [
            116.3502874,
            39.95986
          ],
          [
            116.3503095,
            39.9598112
          ],
          [
            116.350369,
            39.9597019
          ],
          [
            116.3504991,
            39.9596151
          ]
        ]
      },
      "id": "way/1377447921"
    },
    {
      "type": "Feature",
      "properties": {
        "@id": "way/1377447922",
        "highway": "path",
        "informal": "yes"
      },
      "geometry": {
        "type": "LineString",
        "coordinates": [
          [
            116.3499981,
            39.959793
          ],
          [
            116.3499334,
            39.9596388
          ],
          [
            116.3499321,
            39.9595964
          ],
          [
            116.3501221,
            39.9595852
          ]
        ]
      },
      "id": "way/1377447922"
    },
    {
      "type": "Feature",
      "properties": {
        "@id": "way/1377447923",
        "highway": "path",
        "informal": "yes"
      },
      "geometry": {
        "type": "LineString",
        "coordinates": [
          [
            116.3494272,
            39.9594734
          ],
          [
            116.3496058,
            39.9595944
          ],
          [
            116.3497689,
            39.9595644
          ],
          [
            116.3499321,
            39.9595964
          ]
        ]
      },
      "id": "way/1377447923"
    },
    {
      "type": "Feature",
      "properties": {
        "@id": "way/1377447924",
        "highway": "path",
        "informal": "yes"
      },
      "geometry": {
        "type": "LineString",
        "coordinates": [
          [
            116.349499,
            39.9597859
          ],
          [
            116.3495478,
            39.9596688
          ],
          [
            116.3496017,
            39.9596388
          ],
          [
            116.3496058,
            39.9595944
          ]
        ]
      },
      "id": "way/1377447924"
    },
    {
      "type": "Feature",
      "properties": {
        "@id": "way/1377685881",
        "highway": "footway"
      },
      "geometry": {
        "type": "LineString",
        "coordinates": [
          [
            116.35292,
            39.9607538
          ],
          [
            116.3530347,
            39.9607441
          ]
        ]
      },
      "id": "way/1377685881"
    },
    {
      "type": "Feature",
      "properties": {
        "@id": "way/1377974405",
        "highway": "service"
      },
      "geometry": {
        "type": "LineString",
        "coordinates": [
          [
            116.3493159,
            39.9603191
          ],
          [
            116.3491779,
            39.9603168
          ],
          [
            116.3491799,
            39.9602711
          ]
        ]
      },
      "id": "way/1377974405"
    },
    {
      "type": "Feature",
      "properties": {
        "@id": "way/1377974409",
        "highway": "footway"
      },
      "geometry": {
        "type": "LineString",
        "coordinates": [
          [
            116.3494967,
            39.9598316
          ],
          [
            116.349499,
            39.9597859
          ]
        ]
      },
      "id": "way/1377974409"
    },
    {
      "type": "Feature",
      "properties": {
        "@id": "way/1377974410",
        "highway": "footway"
      },
      "geometry": {
        "type": "LineString",
        "coordinates": [
          [
            116.3495224,
            39.9599237
          ],
          [
            116.3494967,
            39.9598316
          ]
        ]
      },
      "id": "way/1377974410"
    },
    {
      "type": "Feature",
      "properties": {
        "@id": "way/1377991212",
        "footway": "sidewalk",
        "highway": "footway"
      },
      "geometry": {
        "type": "LineString",
        "coordinates": [
          [
            116.3547518,
            39.9611813
          ],
          [
            116.3547448,
            39.9614009
          ],
          [
            116.3547414,
            39.9615069
          ],
          [
            116.3547294,
            39.9618831
          ],
          [
            116.3546567,
            39.963139
          ]
        ]
      },
      "id": "way/1377991212"
    },
    {
      "type": "Feature",
      "properties": {
        "@id": "way/1377991213",
        "crossing": "uncontrolled",
        "crossing:markings": "yes",
        "footway": "crossing",
        "highway": "footway"
      },
      "geometry": {
        "type": "LineString",
        "coordinates": [
          [
            116.3546567,
            39.963139
          ],
          [
            116.3546547,
            39.9632
          ],
          [
            116.354652,
            39.9632864
          ]
        ]
      },
      "id": "way/1377991213"
    },
    {
      "type": "Feature",
      "properties": {
        "@id": "way/1377991214",
        "highway": "service"
      },
      "geometry": {
        "type": "LineString",
        "coordinates": [
          [
            116.3545564,
            39.9631968
          ],
          [
            116.3546547,
            39.9632
          ],
          [
            116.3547785,
            39.9632049
          ],
          [
            116.3548636,
            39.9632064
          ]
        ]
      },
      "id": "way/1377991214"
    },
    {
      "type": "Feature",
      "properties": {
        "@id": "way/1378001359",
        "bridge": "yes",
        "highway": "steps",
        "layer": "1"
      },
      "geometry": {
        "type": "LineString",
        "coordinates": [
          [
            116.3547533,
            39.9616522
          ],
          [
            116.3547414,
            39.9615069
          ]
        ]
      },
      "id": "way/1378001359"
    },
    {
      "type": "Feature",
      "properties": {
        "@id": "way/1378295871",
        "highway": "path",
        "informal": "yes"
      },
      "geometry": {
        "type": "LineString",
        "coordinates": [
          [
            116.351434,
            39.9619471
          ],
          [
            116.3514374,
            39.9618889
          ],
          [
            116.351446,
            39.9615918
          ]
        ]
      },
      "id": "way/1378295871"
    },
    {
      "type": "Feature",
      "properties": {
        "@id": "way/1378295872",
        "highway": "path",
        "informal": "yes"
      },
      "geometry": {
        "type": "LineString",
        "coordinates": [
          [
            116.3514373,
            39.9612793
          ],
          [
            116.3514485,
            39.9610544
          ],
          [
            116.3514553,
            39.9609562
          ]
        ]
      },
      "id": "way/1378295872"
    },
    {
      "type": "Feature",
      "properties": {
        "@id": "way/1378295873",
        "highway": "path",
        "informal": "yes"
      },
      "geometry": {
        "type": "LineString",
        "coordinates": [
          [
            116.351159,
            39.9609512
          ],
          [
            116.3511553,
            39.9610451
          ],
          [
            116.3511543,
            39.9610697
          ],
          [
            116.3511539,
            39.96108
          ],
          [
            116.3511725,
            39.9611288
          ],
          [
            116.3512076,
            39.9611782
          ],
          [
            116.3512434,
            39.96121
          ],
          [
            116.3512749,
            39.9612369
          ],
          [
            116.3513235,
            39.9612666
          ],
          [
            116.3513624,
            39.9612774
          ],
          [
            116.3514373,
            39.9612793
          ]
        ]
      },
      "id": "way/1378295873"
    },
    {
      "type": "Feature",
      "properties": {
        "@id": "way/1378295874",
        "highway": "path",
        "informal": "yes"
      },
      "geometry": {
        "type": "LineString",
        "coordinates": [
          [
            116.3511543,
            39.9610697
          ],
          [
            116.3510629,
            39.9610663
          ],
          [
            116.3510256,
            39.9610655
          ]
        ]
      },
      "id": "way/1378295874"
    },
    {
      "type": "Feature",
      "properties": {
        "@id": "way/1378295875",
        "highway": "path",
        "informal": "yes"
      },
      "geometry": {
        "type": "LineString",
        "coordinates": [
          [
            116.3510161,
            39.9612545
          ],
          [
            116.3510507,
            39.9612567
          ],
          [
            116.3511037,
            39.96126
          ],
          [
            116.3511467,
            39.9612594
          ],
          [
            116.3511839,
            39.9612501
          ],
          [
            116.3512118,
            39.9612353
          ],
          [
            116.3512434,
            39.96121
          ]
        ]
      },
      "id": "way/1378295875"
    },
    {
      "type": "Feature",
      "properties": {
        "@id": "way/1378295878",
        "highway": "service"
      },
      "geometry": {
        "type": "LineString",
        "coordinates": [
          [
            116.3542114,
            39.9609927
          ],
          [
            116.3542106,
            39.9609757
          ]
        ]
      },
      "id": "way/1378295878"
    },
    {
      "type": "Feature",
      "properties": {
        "@id": "way/1378572135",
        "highway": "steps"
      },
      "geometry": {
        "type": "LineString",
        "coordinates": [
          [
            116.3532673,
            39.9597251
          ],
          [
            116.3533377,
            39.9597248
          ]
        ]
      },
      "id": "way/1378572135"
    },
    {
      "type": "Feature",
      "properties": {
        "@id": "way/1378572136",
        "highway": "footway",
        "layer": "-1"
      },
      "geometry": {
        "type": "LineString",
        "coordinates": [
          [
            116.3533377,
            39.9597248
          ],
          [
            116.3533249,
            39.9596874
          ]
        ]
      },
      "id": "way/1378572136"
    },
    {
      "type": "Feature",
      "properties": {
        "@id": "way/1378572151",
        "highway": "service"
      },
      "geometry": {
        "type": "LineString",
        "coordinates": [
          [
            116.3532143,
            39.959838
          ],
          [
            116.3534147,
            39.9598395
          ]
        ]
      },
      "id": "way/1378572151"
    },
    {
      "type": "Feature",
      "properties": {
        "@id": "way/1378572152",
        "highway": "service"
      },
      "geometry": {
        "type": "LineString",
        "coordinates": [
          [
            116.3532143,
            39.959838
          ],
          [
            116.3531459,
            39.959838
          ]
        ]
      },
      "id": "way/1378572152"
    },
    {
      "type": "Feature",
      "properties": {
        "@id": "way/1378572153",
        "highway": "footway"
      },
      "geometry": {
        "type": "LineString",
        "coordinates": [
          [
            116.3532143,
            39.959838
          ],
          [
            116.3532673,
            39.9597251
          ]
        ]
      },
      "id": "way/1378572153"
    },
    {
      "type": "Feature",
      "properties": {
        "@id": "way/1378616921",
        "highway": "service",
        "service": "alley"
      },
      "geometry": {
        "type": "LineString",
        "coordinates": [
          [
            116.3524131,
            39.9630671
          ],
          [
            116.3531761,
            39.9630832
          ]
        ]
      },
      "id": "way/1378616921"
    },
    {
      "type": "Feature",
      "properties": {
        "@id": "way/1378616922",
        "highway": "path",
        "informal": "yes"
      },
      "geometry": {
        "type": "LineString",
        "coordinates": [
          [
            116.3511553,
            39.9610451
          ],
          [
            116.3514485,
            39.9610544
          ]
        ]
      },
      "id": "way/1378616922"
    },
    {
      "type": "Feature",
      "properties": {
        "@id": "way/1378616923",
        "highway": "pedestrian"
      },
      "geometry": {
        "type": "LineString",
        "coordinates": [
          [
            116.351227,
            39.9624539
          ],
          [
            116.3512284,
            39.9624325
          ],
          [
            116.3512373,
            39.9622975
          ],
          [
            116.3512439,
            39.9621967
          ],
          [
            116.3512445,
            39.962188
          ],
          [
            116.3512722,
            39.9621449
          ],
          [
            116.3512798,
            39.9620399
          ],
          [
            116.3512866,
            39.9619454
          ]
        ]
      },
      "id": "way/1378616923"
    },
    {
      "type": "Feature",
      "properties": {
        "@id": "way/1378616926",
        "amenity": "bench"
      },
      "geometry": {
        "type": "LineString",
        "coordinates": [
          [
            116.3512232,
            39.9621464
          ],
          [
            116.3512216,
            39.9621815
          ]
        ]
      },
      "id": "way/1378616926"
    },
    {
      "type": "Feature",
      "properties": {
        "@id": "way/1378616927",
        "amenity": "bench"
      },
      "geometry": {
        "type": "LineString",
        "coordinates": [
          [
            116.351225,
            39.9621211
          ],
          [
            116.3512277,
            39.9620768
          ]
        ]
      },
      "id": "way/1378616927"
    },
    {
      "type": "Feature",
      "properties": {
        "@id": "way/1378616928",
        "amenity": "bench"
      },
      "geometry": {
        "type": "LineString",
        "coordinates": [
          [
            116.3512283,
            39.9620515
          ],
          [
            116.351231,
            39.9619891
          ]
        ]
      },
      "id": "way/1378616928"
    },
    {
      "type": "Feature",
      "properties": {
        "@id": "way/1378616929",
        "highway": "pedestrian"
      },
      "geometry": {
        "type": "LineString",
        "coordinates": [
          [
            116.3511846,
            39.962183
          ],
          [
            116.3512439,
            39.9621967
          ]
        ]
      },
      "id": "way/1378616929"
    },
    {
      "type": "Feature",
      "properties": {
        "@id": "way/1378617682",
        "highway": "service"
      },
      "geometry": {
        "type": "LineString",
        "coordinates": [
          [
            116.3509275,
            39.9627994
          ],
          [
            116.3509494,
            39.9624517
          ],
          [
            116.3509512,
            39.9624236
          ]
        ]
      },
      "id": "way/1378617682"
    },
    {
      "type": "Feature",
      "properties": {
        "@id": "way/1379032198",
        "highway": "service",
        "service": "parking_aisle"
      },
      "geometry": {
        "type": "LineString",
        "coordinates": [
          [
            116.3499129,
            39.9624194
          ],
          [
            116.3493095,
            39.9624045
          ]
        ]
      },
      "id": "way/1379032198"
    },
    {
      "type": "Feature",
      "properties": {
        "@id": "way/1381618521",
        "highway": "footway"
      },
      "geometry": {
        "type": "LineString",
        "coordinates": [
          [
            116.3481094,
            39.9643837
          ],
          [
            116.3481414,
            39.9641025
          ],
          [
            116.3482079,
            39.9639467
          ],
          [
            116.3482217,
            39.9638035
          ]
        ]
      },
      "id": "way/1381618521"
    },
    {
      "type": "Feature",
      "properties": {
        "@id": "way/1381618522",
        "highway": "steps"
      },
      "geometry": {
        "type": "LineString",
        "coordinates": [
          [
            116.3482217,
            39.9638035
          ],
          [
            116.3482298,
            39.9637198
          ]
        ]
      },
      "id": "way/1381618522"
    },
    {
      "type": "Feature",
      "properties": {
        "@id": "way/1381618523",
        "highway": "path",
        "informal": "yes"
      },
      "geometry": {
        "type": "LineString",
        "coordinates": [
          [
            116.3482564,
            39.9599723
          ],
          [
            116.3482496,
            39.9600953
          ],
          [
            116.3483447,
            39.9602583
          ],
          [
            116.3483971,
            39.9602847
          ],
          [
            116.3484047,
            39.9603366
          ],
          [
            116.3483421,
            39.9607551
          ],
          [
            116.3483152,
            39.9608443
          ],
          [
            116.3483089,
            39.9611363
          ],
          [
            116.3483152,
            39.9617821
          ],
          [
            116.3483012,
            39.9619408
          ],
          [
            116.3482756,
            39.9620163
          ],
          [
            116.3482897,
            39.9623475
          ],
          [
            116.3482283,
            39.9625131
          ],
          [
            116.3482385,
            39.9626816
          ],
          [
            116.3481938,
            39.9627541
          ],
          [
            116.3481759,
            39.9628071
          ],
          [
            116.348181,
            39.9631804
          ],
          [
            116.3482079,
            39.963442
          ]
        ]
      },
      "id": "way/1381618523"
    },
    {
      "type": "Feature",
      "properties": {
        "@id": "way/1381618526",
        "bicycle": "yes",
        "highway": "footway"
      },
      "geometry": {
        "type": "LineString",
        "coordinates": [
          [
            116.3498874,
            39.9635783
          ],
          [
            116.3498968,
            39.9634216
          ]
        ]
      },
      "id": "way/1381618526"
    },
    {
      "type": "Feature",
      "properties": {
        "@id": "way/1382205272",
        "highway": "footway"
      },
      "geometry": {
        "type": "LineString",
        "coordinates": [
          [
            116.3566516,
            39.9583976
          ],
          [
            116.3566673,
            39.9584132
          ],
          [
            116.3566754,
            39.9584318
          ],
          [
            116.3566751,
            39.9584514
          ],
          [
            116.3566663,
            39.9584698
          ],
          [
            116.3566501,
            39.958485
          ],
          [
            116.3566282,
            39.9584952
          ],
          [
            116.3566032,
            39.9584993
          ],
          [
            116.3565786,
            39.9584971
          ],
          [
            116.3565562,
            39.9584889
          ],
          [
            116.3565385,
            39.9584756
          ],
          [
            116.3565271,
            39.9584588
          ],
          [
            116.3565235,
            39.95844
          ],
          [
            116.3565278,
            39.9584213
          ],
          [
            116.3565397,
            39.9584046
          ],
          [
            116.356558,
            39.9583918
          ],
          [
            116.3565806,
            39.9583841
          ],
          [
            116.3566053,
            39.9583823
          ],
          [
            116.3566302,
            39.958387
          ],
          [
            116.3566516,
            39.9583976
          ]
        ]
      },
      "id": "way/1382205272"
    },
    {
      "type": "Feature",
      "properties": {
        "@id": "way/1382205273",
        "highway": "service",
        "layer": "1"
      },
      "geometry": {
        "type": "LineString",
        "coordinates": [
          [
            116.3559162,
            39.9582938
          ],
          [
            116.3563806,
            39.9582893
          ],
          [
            116.3566061,
            39.9582871
          ],
          [
            116.3568394,
            39.9582848
          ],
          [
            116.3568419,
            39.9584329
          ],
          [
            116.3568443,
            39.9585808
          ],
          [
            116.3571274,
            39.9585836
          ],
          [
            116.3573922,
            39.9585861
          ]
        ]
      },
      "id": "way/1382205273"
    },
    {
      "type": "Feature",
      "properties": {
        "@id": "way/1382205274",
        "highway": "service"
      },
      "geometry": {
        "type": "LineString",
        "coordinates": [
          [
            116.3568443,
            39.9585808
          ],
          [
            116.3565993,
            39.9585797
          ],
          [
            116.3563817,
            39.9585786
          ],
          [
            116.3563811,
            39.9584366
          ],
          [
            116.3563806,
            39.9582893
          ]
        ]
      },
      "id": "way/1382205274"
    },
    {
      "type": "Feature",
      "properties": {
        "@id": "way/1382205275",
        "highway": "footway"
      },
      "geometry": {
        "type": "LineString",
        "coordinates": [
          [
            116.3565993,
            39.9585797
          ],
          [
            116.3566032,
            39.9584993
          ]
        ]
      },
      "id": "way/1382205275"
    },
    {
      "type": "Feature",
      "properties": {
        "@id": "way/1382205276",
        "highway": "footway"
      },
      "geometry": {
        "type": "LineString",
        "coordinates": [
          [
            116.3566053,
            39.9583823
          ],
          [
            116.3566061,
            39.9582871
          ]
        ]
      },
      "id": "way/1382205276"
    },
    {
      "type": "Feature",
      "properties": {
        "@id": "way/1382205277",
        "highway": "footway"
      },
      "geometry": {
        "type": "LineString",
        "coordinates": [
          [
            116.3566754,
            39.9584318
          ],
          [
            116.3568419,
            39.9584329
          ]
        ]
      },
      "id": "way/1382205277"
    },
    {
      "type": "Feature",
      "properties": {
        "@id": "way/1382205278",
        "highway": "footway"
      },
      "geometry": {
        "type": "LineString",
        "coordinates": [
          [
            116.3565235,
            39.95844
          ],
          [
            116.3563811,
            39.9584366
          ]
        ]
      },
      "id": "way/1382205278"
    },
    {
      "type": "Feature",
      "properties": {
        "@id": "way/1384304918",
        "highway": "service"
      },
      "geometry": {
        "type": "LineString",
        "coordinates": [
          [
            116.3488598,
            39.9635768
          ],
          [
            116.3488841,
            39.9635462
          ],
          [
            116.3489148,
            39.9635077
          ],
          [
            116.3490025,
            39.9634782
          ],
          [
            116.3491101,
            39.9634782
          ],
          [
            116.3492037,
            39.9635188
          ],
          [
            116.3492266,
            39.9635442
          ],
          [
            116.3492407,
            39.9635599
          ],
          [
            116.3492658,
            39.963588
          ]
        ]
      },
      "id": "way/1384304918"
    },
    {
      "type": "Feature",
      "properties": {
        "@id": "way/1384304919",
        "highway": "service",
        "service": "parking_aisle"
      },
      "geometry": {
        "type": "LineString",
        "coordinates": [
          [
            116.3492266,
            39.9635442
          ],
          [
            116.3492823,
            39.9634919
          ],
          [
            116.3493071,
            39.9634789
          ],
          [
            116.3498212,
            39.9634913
          ]
        ]
      },
      "id": "way/1384304919"
    },
    {
      "type": "Feature",
      "properties": {
        "@id": "way/1384305531",
        "highway": "path",
        "informal": "yes"
      },
      "geometry": {
        "type": "LineString",
        "coordinates": [
          [
            116.3497689,
            39.9595644
          ],
          [
            116.3498832,
            39.9594336
          ]
        ]
      },
      "id": "way/1384305531"
    },
    {
      "type": "Feature",
      "properties": {
        "@id": "way/1387174369",
        "highway": "residential"
      },
      "geometry": {
        "type": "LineString",
        "coordinates": [
          [
            116.3562437,
            39.9637756
          ],
          [
            116.3562413,
            39.963966
          ]
        ]
      },
      "id": "way/1387174369"
    },
    {
      "type": "Feature",
      "properties": {
        "@id": "way/1387174370",
        "highway": "residential"
      },
      "geometry": {
        "type": "LineString",
        "coordinates": [
          [
            116.3512586,
            39.963643
          ],
          [
            116.3511853,
            39.9648361
          ]
        ]
      },
      "id": "way/1387174370"
    },
    {
      "type": "Feature",
      "properties": {
        "@id": "way/1387174371",
        "highway": "residential"
      },
      "geometry": {
        "type": "LineString",
        "coordinates": [
          [
            116.3519463,
            39.9636621
          ],
          [
            116.3519344,
            39.9642303
          ]
        ]
      },
      "id": "way/1387174371"
    },
    {
      "type": "Feature",
      "properties": {
        "@id": "way/1390450886",
        "highway": "footway"
      },
      "geometry": {
        "type": "LineString",
        "coordinates": [
          [
            116.3496211,
            39.962106
          ],
          [
            116.3496168,
            39.9620337
          ]
        ]
      },
      "id": "way/1390450886"
    },
    {
      "type": "Feature",
      "properties": {
        "@id": "way/1390450887",
        "highway": "footway"
      },
      "geometry": {
        "type": "LineString",
        "coordinates": [
          [
            116.3504901,
            39.9620966
          ],
          [
            116.3504805,
            39.9620432
          ]
        ]
      },
      "id": "way/1390450887"
    },
    {
      "type": "Feature",
      "properties": {
        "@id": "way/1390450888",
        "highway": "footway"
      },
      "geometry": {
        "type": "LineString",
        "coordinates": [
          [
            116.3496329,
            39.9616169
          ],
          [
            116.3496272,
            39.9616517
          ]
        ]
      },
      "id": "way/1390450888"
    },
    {
      "type": "Feature",
      "properties": {
        "@id": "way/1390450889",
        "highway": "footway"
      },
      "geometry": {
        "type": "LineString",
        "coordinates": [
          [
            116.3505012,
            39.9616345
          ],
          [
            116.3504996,
            39.9616695
          ]
        ]
      },
      "id": "way/1390450889"
    },
    {
      "type": "Feature",
      "properties": {
        "@id": "way/1390450890",
        "highway": "footway"
      },
      "geometry": {
        "type": "LineString",
        "coordinates": [
          [
            116.349676,
            39.9609952
          ],
          [
            116.3496785,
            39.9609107
          ]
        ]
      },
      "id": "way/1390450890"
    },
    {
      "type": "Feature",
      "properties": {
        "@id": "way/1390450891",
        "highway": "footway"
      },
      "geometry": {
        "type": "LineString",
        "coordinates": [
          [
            116.3505417,
            39.9610185
          ],
          [
            116.3505472,
            39.9609346
          ]
        ]
      },
      "id": "way/1390450891"
    },
    {
      "type": "Feature",
      "properties": {
        "@id": "way/1390450892",
        "highway": "footway"
      },
      "geometry": {
        "type": "LineString",
        "coordinates": [
          [
            116.350131,
            39.9604759
          ],
          [
            116.3501409,
            39.9603636
          ]
        ]
      },
      "id": "way/1390450892"
    },
    {
      "type": "Feature",
      "properties": {
        "@id": "way/1390450893",
        "highway": "footway"
      },
      "geometry": {
        "type": "LineString",
        "coordinates": [
          [
            116.3517835,
            39.9608453
          ],
          [
            116.3517754,
            39.9609637
          ]
        ]
      },
      "id": "way/1390450893"
    },
    {
      "type": "Feature",
      "properties": {
        "@id": "way/1390450894",
        "highway": "footway"
      },
      "geometry": {
        "type": "LineString",
        "coordinates": [
          [
            116.3512108,
            39.9608446
          ],
          [
            116.3512132,
            39.9609521
          ]
        ]
      },
      "id": "way/1390450894"
    },
    {
      "type": "Feature",
      "properties": {
        "@id": "way/1390450895",
        "highway": "footway"
      },
      "geometry": {
        "type": "LineString",
        "coordinates": [
          [
            116.3513716,
            39.9620417
          ],
          [
            116.3512798,
            39.9620399
          ]
        ]
      },
      "id": "way/1390450895"
    },
    {
      "type": "Feature",
      "properties": {
        "@id": "way/1390450896",
        "highway": "footway"
      },
      "geometry": {
        "type": "LineString",
        "coordinates": [
          [
            116.351282,
            39.9622972
          ],
          [
            116.3512373,
            39.9622975
          ]
        ]
      },
      "id": "way/1390450896"
    },
    {
      "type": "Feature",
      "properties": {
        "@id": "way/1390450897",
        "highway": "footway"
      },
      "geometry": {
        "type": "LineString",
        "coordinates": [
          [
            116.3495804,
            39.9626724
          ],
          [
            116.34957,
            39.9628149
          ]
        ]
      },
      "id": "way/1390450897"
    },
    {
      "type": "Feature",
      "properties": {
        "@id": "way/1390450898",
        "highway": "footway"
      },
      "geometry": {
        "type": "LineString",
        "coordinates": [
          [
            116.3496833,
            39.962862
          ],
          [
            116.349688,
            39.9628193
          ]
        ]
      },
      "id": "way/1390450898"
    },
    {
      "type": "Feature",
      "properties": {
        "@id": "way/1390450899",
        "highway": "footway"
      },
      "geometry": {
        "type": "LineString",
        "coordinates": [
          [
            116.3497978,
            39.9633053
          ],
          [
            116.349975,
            39.9633106
          ]
        ]
      },
      "id": "way/1390450899"
    },
    {
      "type": "Feature",
      "properties": {
        "@id": "way/1390450900",
        "highway": "footway"
      },
      "geometry": {
        "type": "LineString",
        "coordinates": [
          [
            116.3498947,
            39.9629865
          ],
          [
            116.349997,
            39.962989
          ]
        ]
      },
      "id": "way/1390450900"
    },
    {
      "type": "Feature",
      "properties": {
        "@id": "way/1390450901",
        "highway": "footway"
      },
      "geometry": {
        "type": "LineString",
        "coordinates": [
          [
            116.3508162,
            39.9632527
          ],
          [
            116.3508836,
            39.9632516
          ]
        ]
      },
      "id": "way/1390450901"
    },
    {
      "type": "Feature",
      "properties": {
        "@id": "way/1390450902",
        "highway": "footway"
      },
      "geometry": {
        "type": "LineString",
        "coordinates": [
          [
            116.3510955,
            39.9630775
          ],
          [
            116.3510937,
            39.9630275
          ]
        ]
      },
      "id": "way/1390450902"
    },
    {
      "type": "Feature",
      "properties": {
        "@id": "way/1390450903",
        "highway": "footway"
      },
      "geometry": {
        "type": "LineString",
        "coordinates": [
          [
            116.3509978,
            39.9635515
          ],
          [
            116.3508741,
            39.9635442
          ]
        ]
      },
      "id": "way/1390450903"
    },
    {
      "type": "Feature",
      "properties": {
        "@id": "way/1390450904",
        "highway": "footway"
      },
      "geometry": {
        "type": "LineString",
        "coordinates": [
          [
            116.349223,
            39.9631567
          ],
          [
            116.3492611,
            39.9631431
          ]
        ]
      },
      "id": "way/1390450904"
    },
    {
      "type": "Feature",
      "properties": {
        "@id": "way/1390450905",
        "highway": "footway"
      },
      "geometry": {
        "type": "LineString",
        "coordinates": [
          [
            116.3492262,
            39.9625319
          ],
          [
            116.3491244,
            39.9625282
          ]
        ]
      },
      "id": "way/1390450905"
    },
    {
      "type": "Feature",
      "properties": {
        "@id": "way/1390450906",
        "highway": "footway"
      },
      "geometry": {
        "type": "LineString",
        "coordinates": [
          [
            116.3492616,
            39.9616411
          ],
          [
            116.349157,
            39.9616369
          ]
        ]
      },
      "id": "way/1390450906"
    },
    {
      "type": "Feature",
      "properties": {
        "@id": "way/1390450907",
        "highway": "footway"
      },
      "geometry": {
        "type": "LineString",
        "coordinates": [
          [
            116.3519546,
            39.9632792
          ],
          [
            116.3523248,
            39.9632812
          ]
        ]
      },
      "id": "way/1390450907"
    },
    {
      "type": "Feature",
      "properties": {
        "@id": "way/1390450908",
        "highway": "footway"
      },
      "geometry": {
        "type": "LineString",
        "coordinates": [
          [
            116.3539509,
            39.9626084
          ],
          [
            116.3541067,
            39.9626113
          ]
        ]
      },
      "id": "way/1390450908"
    },
    {
      "type": "Feature",
      "properties": {
        "@id": "way/1390450909",
        "highway": "footway"
      },
      "geometry": {
        "type": "LineString",
        "coordinates": [
          [
            116.3543574,
            39.962923
          ],
          [
            116.354359,
            39.9627955
          ]
        ]
      },
      "id": "way/1390450909"
    },
    {
      "type": "Feature",
      "properties": {
        "@id": "way/1390450910",
        "highway": "footway"
      },
      "geometry": {
        "type": "LineString",
        "coordinates": [
          [
            116.3538204,
            39.9634499
          ],
          [
            116.3538261,
            39.9631709
          ]
        ]
      },
      "id": "way/1390450910"
    },
    {
      "type": "Feature",
      "properties": {
        "@id": "way/1390450911",
        "highway": "footway"
      },
      "geometry": {
        "type": "LineString",
        "coordinates": [
          [
            116.352817,
            39.9634323
          ],
          [
            116.3528204,
            39.9633156
          ],
          [
            116.3531556,
            39.9633166
          ]
        ]
      },
      "id": "way/1390450911"
    },
    {
      "type": "Feature",
      "properties": {
        "@id": "way/1390450912",
        "highway": "footway"
      },
      "geometry": {
        "type": "LineString",
        "coordinates": [
          [
            116.3544009,
            39.9622797
          ],
          [
            116.3543994,
            39.962129
          ]
        ]
      },
      "id": "way/1390450912"
    },
    {
      "type": "Feature",
      "properties": {
        "@id": "way/1390450913",
        "highway": "footway"
      },
      "geometry": {
        "type": "LineString",
        "coordinates": [
          [
            116.3544143,
            39.9619075
          ],
          [
            116.3541597,
            39.9619015
          ]
        ]
      },
      "id": "way/1390450913"
    },
    {
      "type": "Feature",
      "properties": {
        "@id": "way/1390450914",
        "highway": "footway"
      },
      "geometry": {
        "type": "LineString",
        "coordinates": [
          [
            116.3539621,
            39.961872
          ],
          [
            116.3541597,
            39.9619015
          ]
        ]
      },
      "id": "way/1390450914"
    },
    {
      "type": "Feature",
      "properties": {
        "@id": "way/1390450915",
        "highway": "footway"
      },
      "geometry": {
        "type": "LineString",
        "coordinates": [
          [
            116.354454,
            39.9612658
          ],
          [
            116.3544504,
            39.9612266
          ],
          [
            116.354203,
            39.9612255
          ]
        ]
      },
      "id": "way/1390450915"
    },
    {
      "type": "Feature",
      "properties": {
        "@id": "way/1390450916",
        "highway": "footway"
      },
      "geometry": {
        "type": "LineString",
        "coordinates": [
          [
            116.3539464,
            39.9608657
          ],
          [
            116.3539297,
            39.9610333
          ]
        ]
      },
      "id": "way/1390450916"
    },
    {
      "type": "Feature",
      "properties": {
        "@id": "way/1390450917",
        "highway": "footway"
      },
      "geometry": {
        "type": "LineString",
        "coordinates": [
          [
            116.3501983,
            39.9592577
          ],
          [
            116.350201,
            39.9593364
          ]
        ]
      },
      "id": "way/1390450917"
    },
    {
      "type": "Feature",
      "properties": {
        "@id": "way/1390450918",
        "highway": "footway"
      },
      "geometry": {
        "type": "LineString",
        "coordinates": [
          [
            116.3492293,
            39.9589408
          ],
          [
            116.3492205,
            39.9589709
          ],
          [
            116.3494045,
            39.9589812
          ]
        ]
      },
      "id": "way/1390450918"
    },
    {
      "type": "Feature",
      "properties": {
        "@id": "way/1390450919",
        "highway": "footway"
      },
      "geometry": {
        "type": "LineString",
        "coordinates": [
          [
            116.3510382,
            39.9628285
          ],
          [
            116.3509274,
            39.9628325
          ]
        ]
      },
      "id": "way/1390450919"
    },
    {
      "type": "Feature",
      "properties": {
        "@id": "way/1390450920",
        "highway": "footway"
      },
      "geometry": {
        "type": "LineString",
        "coordinates": [
          [
            116.3515131,
            39.9625753
          ],
          [
            116.3515365,
            39.962462
          ]
        ]
      },
      "id": "way/1390450920"
    },
    {
      "type": "Feature",
      "properties": {
        "@id": "way/1390450921",
        "highway": "footway"
      },
      "geometry": {
        "type": "LineString",
        "coordinates": [
          [
            116.3504427,
            39.9624004
          ],
          [
            116.3504646,
            39.9624251
          ]
        ]
      },
      "id": "way/1390450921"
    },
    {
      "type": "Feature",
      "properties": {
        "@id": "way/1390450922",
        "highway": "footway"
      },
      "geometry": {
        "type": "LineString",
        "coordinates": [
          [
            116.3492032,
            39.9609044
          ],
          [
            116.3492826,
            39.9609008
          ]
        ]
      },
      "id": "way/1390450922"
    },
    {
      "type": "Feature",
      "properties": {
        "@id": "way/1390450923",
        "highway": "footway"
      },
      "geometry": {
        "type": "LineString",
        "coordinates": [
          [
            116.3491333,
            39.960838
          ],
          [
            116.3491331,
            39.9608636
          ],
          [
            116.3492854,
            39.9608524
          ]
        ]
      },
      "id": "way/1390450923"
    },
    {
      "type": "Feature",
      "properties": {
        "@id": "way/1390450924",
        "highway": "footway"
      },
      "geometry": {
        "type": "LineString",
        "coordinates": [
          [
            116.3491322,
            39.960143
          ],
          [
            116.349324,
            39.9601479
          ]
        ]
      },
      "id": "way/1390450924"
    },
    {
      "type": "Feature",
      "properties": {
        "@id": "way/1390450925",
        "highway": "footway"
      },
      "geometry": {
        "type": "LineString",
        "coordinates": [
          [
            116.3491658,
            39.9596846
          ],
          [
            116.3493504,
            39.9596862
          ]
        ]
      },
      "id": "way/1390450925"
    },
    {
      "type": "Feature",
      "properties": {
        "@id": "way/1390450926",
        "highway": "footway"
      },
      "geometry": {
        "type": "LineString",
        "coordinates": [
          [
            116.3501134,
            39.9584799
          ],
          [
            116.350117,
            39.9583882
          ]
        ]
      },
      "id": "way/1390450926"
    },
    {
      "type": "Feature",
      "properties": {
        "@id": "way/1390450927",
        "highway": "footway"
      },
      "geometry": {
        "type": "LineString",
        "coordinates": [
          [
            116.350113,
            39.9582375
          ],
          [
            116.3502194,
            39.9582391
          ]
        ]
      },
      "id": "way/1390450927"
    },
    {
      "type": "Feature",
      "properties": {
        "@id": "way/1390450928",
        "highway": "footway"
      },
      "geometry": {
        "type": "LineString",
        "coordinates": [
          [
            116.3501601,
            39.9579659
          ],
          [
            116.3501551,
            39.9578345
          ]
        ]
      },
      "id": "way/1390450928"
    },
    {
      "type": "Feature",
      "properties": {
        "@id": "way/1390450929",
        "highway": "footway"
      },
      "geometry": {
        "type": "LineString",
        "coordinates": [
          [
            116.350162,
            39.9575979
          ],
          [
            116.3502454,
            39.9575982
          ]
        ]
      },
      "id": "way/1390450929"
    },
    {
      "type": "Feature",
      "properties": {
        "@id": "way/1390450930",
        "highway": "footway"
      },
      "geometry": {
        "type": "LineString",
        "coordinates": [
          [
            116.3501734,
            39.9571663
          ],
          [
            116.3502608,
            39.9571754
          ]
        ]
      },
      "id": "way/1390450930"
    },
    {
      "type": "Feature",
      "properties": {
        "@id": "way/1390450931",
        "highway": "footway"
      },
      "geometry": {
        "type": "LineString",
        "coordinates": [
          [
            116.3510401,
            39.9571939
          ],
          [
            116.3510428,
            39.9571419
          ]
        ]
      },
      "id": "way/1390450931"
    },
    {
      "type": "Feature",
      "properties": {
        "@id": "way/1390450932",
        "highway": "footway"
      },
      "geometry": {
        "type": "LineString",
        "coordinates": [
          [
            116.3509671,
            39.9575338
          ],
          [
            116.3511876,
            39.9575234
          ]
        ]
      },
      "id": "way/1390450932"
    },
    {
      "type": "Feature",
      "properties": {
        "@id": "way/1390450933",
        "highway": "footway"
      },
      "geometry": {
        "type": "LineString",
        "coordinates": [
          [
            116.3506911,
            39.9584448
          ],
          [
            116.3506865,
            39.9583937
          ]
        ]
      },
      "id": "way/1390450933"
    },
    {
      "type": "Feature",
      "properties": {
        "@id": "way/1390450934",
        "highway": "footway"
      },
      "geometry": {
        "type": "LineString",
        "coordinates": [
          [
            116.3511708,
            39.9586373
          ],
          [
            116.3511187,
            39.9586378
          ]
        ]
      },
      "id": "way/1390450934"
    },
    {
      "type": "Feature",
      "properties": {
        "@id": "way/1390450935",
        "highway": "footway"
      },
      "geometry": {
        "type": "LineString",
        "coordinates": [
          [
            116.3510844,
            39.9585188
          ],
          [
            116.3511214,
            39.9585216
          ]
        ]
      },
      "id": "way/1390450935"
    },
    {
      "type": "Feature",
      "properties": {
        "@id": "way/1390450936",
        "highway": "footway"
      },
      "geometry": {
        "type": "LineString",
        "coordinates": [
          [
            116.3513224,
            39.9585518
          ],
          [
            116.3513282,
            39.9583947
          ]
        ]
      },
      "id": "way/1390450936"
    },
    {
      "type": "Feature",
      "properties": {
        "@id": "way/1390450937",
        "highway": "footway"
      },
      "geometry": {
        "type": "LineString",
        "coordinates": [
          [
            116.3513698,
            39.9581668
          ],
          [
            116.3513765,
            39.958025
          ]
        ]
      },
      "id": "way/1390450937"
    },
    {
      "type": "Feature",
      "properties": {
        "@id": "way/1390450938",
        "highway": "footway"
      },
      "geometry": {
        "type": "LineString",
        "coordinates": [
          [
            116.3514134,
            39.9575939
          ],
          [
            116.3514148,
            39.9575276
          ]
        ]
      },
      "id": "way/1390450938"
    },
    {
      "type": "Feature",
      "properties": {
        "@id": "way/1390450939",
        "highway": "footway"
      },
      "geometry": {
        "type": "LineString",
        "coordinates": [
          [
            116.3515863,
            39.957166
          ],
          [
            116.3515822,
            39.9571439
          ]
        ]
      },
      "id": "way/1390450939"
    },
    {
      "type": "Feature",
      "properties": {
        "@id": "way/1390450940",
        "highway": "footway"
      },
      "geometry": {
        "type": "LineString",
        "coordinates": [
          [
            116.3493232,
            39.9574081
          ],
          [
            116.349419,
            39.9574133
          ]
        ]
      },
      "id": "way/1390450940"
    },
    {
      "type": "Feature",
      "properties": {
        "@id": "way/1390450941",
        "highway": "footway"
      },
      "geometry": {
        "type": "LineString",
        "coordinates": [
          [
            116.3493063,
            39.9579439
          ],
          [
            116.3494042,
            39.9579447
          ]
        ]
      },
      "id": "way/1390450941"
    },
    {
      "type": "Feature",
      "properties": {
        "@id": "way/1390450942",
        "highway": "footway"
      },
      "geometry": {
        "type": "LineString",
        "coordinates": [
          [
            116.3493217,
            39.9580146
          ],
          [
            116.3494021,
            39.9580229
          ]
        ]
      },
      "id": "way/1390450942"
    },
    {
      "type": "Feature",
      "properties": {
        "@id": "way/1390450943",
        "highway": "footway"
      },
      "geometry": {
        "type": "LineString",
        "coordinates": [
          [
            116.3507492,
            39.9569188
          ],
          [
            116.3507539,
            39.9571419
          ]
        ]
      },
      "id": "way/1390450943"
    },
    {
      "type": "Feature",
      "properties": {
        "@id": "way/1390450944",
        "highway": "footway"
      },
      "geometry": {
        "type": "LineString",
        "coordinates": [
          [
            116.3516855,
            39.956927
          ],
          [
            116.3516792,
            39.9571437
          ]
        ]
      },
      "id": "way/1390450944"
    },
    {
      "type": "Feature",
      "properties": {
        "@id": "way/1390450945",
        "highway": "footway"
      },
      "geometry": {
        "type": "LineString",
        "coordinates": [
          [
            116.3518814,
            39.956939
          ],
          [
            116.3518824,
            39.9571432
          ]
        ]
      },
      "id": "way/1390450945"
    },
    {
      "type": "Feature",
      "properties": {
        "@id": "way/1390450946",
        "highway": "footway"
      },
      "geometry": {
        "type": "LineString",
        "coordinates": [
          [
            116.3530193,
            39.9571268
          ],
          [
            116.353015,
            39.9571466
          ]
        ]
      },
      "id": "way/1390450946"
    },
    {
      "type": "Feature",
      "properties": {
        "@id": "way/1390450947",
        "highway": "footway"
      },
      "geometry": {
        "type": "LineString",
        "coordinates": [
          [
            116.3526854,
            39.9572512
          ],
          [
            116.352528,
            39.9572578
          ]
        ]
      },
      "id": "way/1390450947"
    },
    {
      "type": "Feature",
      "properties": {
        "@id": "way/1390450948",
        "highway": "footway"
      },
      "geometry": {
        "type": "LineString",
        "coordinates": [
          [
            116.353031,
            39.9574937
          ],
          [
            116.3530307,
            39.9575511
          ]
        ]
      },
      "id": "way/1390450948"
    },
    {
      "type": "Feature",
      "properties": {
        "@id": "way/1390450949",
        "highway": "footway"
      },
      "geometry": {
        "type": "LineString",
        "coordinates": [
          [
            116.3526519,
            39.957633
          ],
          [
            116.3526443,
            39.9575451
          ]
        ]
      },
      "id": "way/1390450949"
    },
    {
      "type": "Feature",
      "properties": {
        "@id": "way/1390450950",
        "highway": "footway"
      },
      "geometry": {
        "type": "LineString",
        "coordinates": [
          [
            116.3528363,
            39.9601855
          ],
          [
            116.352836,
            39.9603052
          ]
        ]
      },
      "id": "way/1390450950"
    },
    {
      "type": "Feature",
      "properties": {
        "@id": "way/1390450951",
        "highway": "footway"
      },
      "geometry": {
        "type": "LineString",
        "coordinates": [
          [
            116.3519059,
            39.9601702
          ],
          [
            116.3511817,
            39.959877
          ]
        ]
      },
      "id": "way/1390450951"
    },
    {
      "type": "Feature",
      "properties": {
        "@id": "way/1390450952",
        "highway": "footway"
      },
      "geometry": {
        "type": "LineString",
        "coordinates": [
          [
            116.3532438,
            39.960091
          ],
          [
            116.3534147,
            39.9598395
          ]
        ]
      },
      "id": "way/1390450952"
    },
    {
      "type": "Feature",
      "properties": {
        "@id": "way/1390450953",
        "highway": "footway"
      },
      "geometry": {
        "type": "LineString",
        "coordinates": [
          [
            116.35389,
            39.9600574
          ],
          [
            116.3539258,
            39.9600206
          ]
        ]
      },
      "id": "way/1390450953"
    },
    {
      "type": "Feature",
      "properties": {
        "@id": "way/1390450954",
        "highway": "footway"
      },
      "geometry": {
        "type": "LineString",
        "coordinates": [
          [
            116.3532036,
            39.9592475
          ],
          [
            116.3531552,
            39.9593787
          ]
        ]
      },
      "id": "way/1390450954"
    },
    {
      "type": "Feature",
      "properties": {
        "@id": "way/1390450955",
        "highway": "footway"
      },
      "geometry": {
        "type": "LineString",
        "coordinates": [
          [
            116.3518626,
            39.9592485
          ],
          [
            116.3518606,
            39.959355
          ]
        ]
      },
      "id": "way/1390450955"
    },
    {
      "type": "Feature",
      "properties": {
        "@id": "way/1390450956",
        "highway": "footway"
      },
      "geometry": {
        "type": "LineString",
        "coordinates": [
          [
            116.3528077,
            39.9589102
          ],
          [
            116.3528144,
            39.9588579
          ]
        ]
      },
      "id": "way/1390450956"
    },
    {
      "type": "Feature",
      "properties": {
        "@id": "way/1390450957",
        "highway": "footway"
      },
      "geometry": {
        "type": "LineString",
        "coordinates": [
          [
            116.3524958,
            39.9593323
          ],
          [
            116.3524924,
            39.959366
          ]
        ]
      },
      "id": "way/1390450957"
    },
    {
      "type": "Feature",
      "properties": {
        "@id": "way/1390450958",
        "highway": "footway"
      },
      "geometry": {
        "type": "LineString",
        "coordinates": [
          [
            116.3525194,
            39.9585837
          ],
          [
            116.352472,
            39.9583794
          ]
        ]
      },
      "id": "way/1390450958"
    },
    {
      "type": "Feature",
      "properties": {
        "@id": "way/1390450959",
        "highway": "footway"
      },
      "geometry": {
        "type": "LineString",
        "coordinates": [
          [
            116.3515459,
            39.9623864
          ],
          [
            116.3515833,
            39.962463
          ]
        ]
      },
      "id": "way/1390450959"
    },
    {
      "type": "Feature",
      "properties": {
        "@id": "way/1390450960",
        "highway": "footway"
      },
      "geometry": {
        "type": "LineString",
        "coordinates": [
          [
            116.3523839,
            39.9620905
          ],
          [
            116.3524613,
            39.9620898
          ]
        ]
      },
      "id": "way/1390450960"
    },
    {
      "type": "Feature",
      "properties": {
        "@id": "way/1390450961",
        "highway": "footway"
      },
      "geometry": {
        "type": "LineString",
        "coordinates": [
          [
            116.3526165,
            39.9619543
          ],
          [
            116.3524698,
            39.9619373
          ]
        ]
      },
      "id": "way/1390450961"
    },
    {
      "type": "Feature",
      "properties": {
        "@id": "way/1390450962",
        "highway": "footway"
      },
      "geometry": {
        "type": "LineString",
        "coordinates": [
          [
            116.3526977,
            39.9624091
          ],
          [
            116.3526976,
            39.9623002
          ]
        ]
      },
      "id": "way/1390450962"
    },
    {
      "type": "Feature",
      "properties": {
        "@id": "way/1390450963",
        "highway": "footway"
      },
      "geometry": {
        "type": "LineString",
        "coordinates": [
          [
            116.3503648,
            39.9595224
          ],
          [
            116.350353,
            39.9596013
          ]
        ]
      },
      "id": "way/1390450963"
    },
    {
      "type": "Feature",
      "properties": {
        "@id": "way/1390450964",
        "highway": "footway"
      },
      "geometry": {
        "type": "LineString",
        "coordinates": [
          [
            116.3512846,
            39.9595318
          ],
          [
            116.3510842,
            39.9595334
          ]
        ]
      },
      "id": "way/1390450964"
    },
    {
      "type": "Feature",
      "properties": {
        "@id": "way/1390450965",
        "highway": "footway"
      },
      "geometry": {
        "type": "LineString",
        "coordinates": [
          [
            116.3546819,
            39.9573864
          ],
          [
            116.3546442,
            39.9573886
          ]
        ]
      },
      "id": "way/1390450965"
    },
    {
      "type": "Feature",
      "properties": {
        "@id": "way/1390450966",
        "highway": "footway"
      },
      "geometry": {
        "type": "LineString",
        "coordinates": [
          [
            116.3530025,
            39.9595384
          ],
          [
            116.353152,
            39.9595351
          ]
        ]
      },
      "id": "way/1390450966"
    },
    {
      "type": "Feature",
      "properties": {
        "@id": "way/1390450967",
        "highway": "footway"
      },
      "geometry": {
        "type": "LineString",
        "coordinates": [
          [
            116.3497473,
            39.960133
          ],
          [
            116.3496826,
            39.9601132
          ]
        ]
      },
      "id": "way/1390450967"
    },
    {
      "type": "Feature",
      "properties": {
        "@id": "way/1390450968",
        "highway": "footway"
      },
      "geometry": {
        "type": "LineString",
        "coordinates": [
          [
            116.3514962,
            39.9634447
          ],
          [
            116.3516163,
            39.9634511
          ]
        ]
      },
      "id": "way/1390450968"
    },
    {
      "type": "Feature",
      "properties": {
        "@id": "way/1391382965",
        "highway": "footway"
      },
      "geometry": {
        "type": "LineString",
        "coordinates": [
          [
            116.3515856,
            39.9614458
          ],
          [
            116.351446,
            39.9615918
          ]
        ]
      },
      "id": "way/1391382965"
    },
    {
      "type": "Feature",
      "properties": {
        "@id": "way/1391382966",
        "highway": "footway"
      },
      "geometry": {
        "type": "LineString",
        "coordinates": [
          [
            116.3515856,
            39.9614458
          ],
          [
            116.3514373,
            39.9612793
          ]
        ]
      },
      "id": "way/1391382966"
    },
    {
      "type": "Feature",
      "properties": {
        "@id": "way/1410921920",
        "highway": "tertiary",
        "name": "杏坛路",
        "name:en": "Xingtan Road",
        "name:zh": "杏坛路",
        "name:zh-Hans": "杏坛路",
        "name:zh-Hant": "杏壇路",
        "oneway": "yes"
      },
      "geometry": {
        "type": "LineString",
        "coordinates": [
          [
            116.3551955,
            39.9566323
          ],
          [
            116.3551916,
            39.9567085
          ],
          [
            116.3551847,
            39.9568042
          ],
          [
            116.3551576,
            39.9573626
          ]
        ]
      },
      "id": "way/1410921920"
    },
    {
      "type": "Feature",
      "properties": {
        "@id": "way/1410925702",
        "highway": "secondary",
        "name": "学院南路",
        "name:en": "South Xueyuan Road",
        "name:zh": "学院南路",
        "name:zh-Hans": "学院南路",
        "name:zh-Hant": "學院南路",
        "oneway": "yes"
      },
      "geometry": {
        "type": "LineString",
        "coordinates": [
          [
            116.3551955,
            39.9566323
          ],
          [
            116.3551108,
            39.9566326
          ],
          [
            116.3549704,
            39.9566334
          ],
          [
            116.352548,
            39.9566461
          ],
          [
            116.3519669,
            39.9566491
          ],
          [
            116.3518371,
            39.9566498
          ],
          [
            116.3508374,
            39.9566549
          ],
          [
            116.3492374,
            39.9566617
          ],
          [
            116.3490707,
            39.9566624
          ]
        ]
      },
      "id": "way/1410925702"
    },
    {
      "type": "Feature",
      "properties": {
        "@id": "way/1410930327",
        "highway": "tertiary",
        "name": "杏坛路",
        "name:en": "Xingtan Road",
        "name:zh": "杏坛路",
        "name:zh-Hans": "杏坛路",
        "name:zh-Hant": "杏壇路",
        "oneway": "yes"
      },
      "geometry": {
        "type": "LineString",
        "coordinates": [
          [
            116.3551576,
            39.9573626
          ],
          [
            116.3551305,
            39.9579211
          ],
          [
            116.3550749,
            39.9589758
          ],
          [
            116.3550023,
            39.9602893
          ]
        ]
      },
      "id": "way/1410930327"
    },
    {
      "type": "Feature",
      "properties": {
        "@id": "way/1459447293",
        "highway": "footway"
      },
      "geometry": {
        "type": "LineString",
        "coordinates": [
          [
            116.352851,
            39.9623022
          ],
          [
            116.3528461,
            39.9625998
          ],
          [
            116.3530991,
            39.9626052
          ]
        ]
      },
      "id": "way/1459447293"
    },
    {
      "type": "Feature",
      "properties": {
        "@id": "way/1459447294",
        "highway": "footway"
      },
      "geometry": {
        "type": "LineString",
        "coordinates": [
          [
            116.3528461,
            39.9625998
          ],
          [
            116.3528467,
            39.9627241
          ]
        ]
      },
      "id": "way/1459447294"
    },
    {
      "type": "Feature",
      "properties": {
        "@id": "way/1498130102",
        "highway": "footway"
      },
      "geometry": {
        "type": "LineString",
        "coordinates": [
          [
            116.3501004,
            39.9609213
          ],
          [
            116.3501108,
            39.960654
          ]
        ]
      },
      "id": "way/1498130102"
    },
    {
      "type": "Feature",
      "properties": {
        "@id": "node/1816255835",
        "amenity": "telephone",
        "payment:electronic_purses": "yes",
        "payment:telephone_cards": "yes"
      },
      "geometry": {
        "type": "Point",
        "coordinates": [
          116.3492157,
          39.9568428
        ]
      },
      "id": "node/1816255835"
    },
    {
      "type": "Feature",
      "properties": {
        "@id": "node/2463866309",
        "amenity": "telephone",
        "payment:coins": "no",
        "payment:electronic_purses": "yes",
        "payment:telephone_cards": "yes"
      },
      "geometry": {
        "type": "Point",
        "coordinates": [
          116.3470174,
          39.9614298
        ]
      },
      "id": "node/2463866309"
    },
    {
      "type": "Feature",
      "properties": {
        "@id": "node/2463866310",
        "amenity": "post_box",
        "operator": "中国邮政"
      },
      "geometry": {
        "type": "Point",
        "coordinates": [
          116.3470153,
          39.9614844
        ]
      },
      "id": "node/2463866310"
    },
    {
      "type": "Feature",
      "properties": {
        "@id": "node/3511264385",
        "amenity": "cafe",
        "name": "零壹时光咖啡馆",
        "name:en": "Zero-One Times Cafe",
        "name:zh": "零壹时光咖啡馆",
        "name:zh-Hans": "零壹时光咖啡馆",
        "name:zh-Hant": "零壹時光咖啡館"
      },
      "geometry": {
        "type": "Point",
        "coordinates": [
          116.3505065,
          39.9582958
        ]
      },
      "id": "node/3511264385"
    },
    {
      "type": "Feature",
      "properties": {
        "@id": "node/3511264386",
        "name": "南区超市",
        "name:zh": "南区超市",
        "name:zh-Hans": "南区超市",
        "name:zh-Hant": "南區超市",
        "shop": "supermarket"
      },
      "geometry": {
        "type": "Point",
        "coordinates": [
          116.3510136,
          39.9581307
        ]
      },
      "id": "node/3511264386"
    },
    {
      "type": "Feature",
      "properties": {
        "@id": "node/3511264387",
        "amenity": "marketplace",
        "name": "中国移动",
        "name:en": "China Mobile",
        "name:zh": "中国移动",
        "name:zh-Hans": "中国移动",
        "name:zh-Hant": "中國移動"
      },
      "geometry": {
        "type": "Point",
        "coordinates": [
          116.3510298,
          39.9580455
        ]
      },
      "id": "node/3511264387"
    },
    {
      "type": "Feature",
      "properties": {
        "@id": "node/3511264388",
        "name": "二手书店",
        "name:en": "Second-hand Book Store",
        "name:zh": "二手书店",
        "name:zh-Hans": "二手书店",
        "name:zh-Hant": "二手書店",
        "shop": "books"
      },
      "geometry": {
        "type": "Point",
        "coordinates": [
          116.3510448,
          39.9579667
        ]
      },
      "id": "node/3511264388"
    },
    {
      "type": "Feature",
      "properties": {
        "@id": "node/3928133969",
        "amenity": "restaurant",
        "name": "兰蕙餐厅",
        "name:zh": "兰蕙餐厅",
        "name:zh-Hans": "兰蕙餐厅",
        "name:zh-Hant": "蘭蕙餐廳"
      },
      "geometry": {
        "type": "Point",
        "coordinates": [
          116.355419,
          39.9576538
        ]
      },
      "id": "node/3928133969"
    },
    {
      "type": "Feature",
      "properties": {
        "@id": "node/4238854716",
        "amenity": "restaurant",
        "name": "马记粤式快餐",
        "name:zh": "马记粤式快餐",
        "name:zh-Hans": "马记粤式快餐",
        "name:zh-Hant": "馬記粵式速食"
      },
      "geometry": {
        "type": "Point",
        "coordinates": [
          116.3538842,
          39.9568094
        ]
      },
      "id": "node/4238854716"
    },
    {
      "type": "Feature",
      "properties": {
        "@id": "node/4238855103",
        "amenity": "restaurant",
        "name": "鱼味小馆",
        "name:zh": "鱼味小馆",
        "name:zh-Hans": "鱼味小馆",
        "name:zh-Hant": "魚味小館"
      },
      "geometry": {
        "type": "Point",
        "coordinates": [
          116.3504776,
          39.9637034
        ]
      },
      "id": "node/4238855103"
    },
    {
      "type": "Feature",
      "properties": {
        "@id": "node/4371572991",
        "amenity": "shelter"
      },
      "geometry": {
        "type": "Point",
        "coordinates": [
          116.3481577,
          39.9587406
        ]
      },
      "id": "node/4371572991"
    },
    {
      "type": "Feature",
      "properties": {
        "@id": "node/6041082645",
        "amenity": "restaurant",
        "name": "新乐群食堂",
        "name:zh": "新乐群食堂",
        "name:zh-Hans": "新乐群食堂",
        "name:zh-Hant": "新樂群食堂",
        "opening_hours": "Mo-Su 09:00-21:00"
      },
      "geometry": {
        "type": "Point",
        "coordinates": [
          116.3559266,
          39.9573331
        ]
      },
      "id": "node/6041082645"
    },
    {
      "type": "Feature",
      "properties": {
        "@id": "node/6041082646",
        "amenity": "restaurant",
        "cuisine": "chinese",
        "name": "西北风味餐厅",
        "name:zh": "西北风味餐厅",
        "name:zh-Hans": "西北风味餐厅",
        "name:zh-Hant": "西北風味餐廳"
      },
      "geometry": {
        "type": "Point",
        "coordinates": [
          116.3566677,
          39.9573358
        ]
      },
      "id": "node/6041082646"
    },
    {
      "type": "Feature",
      "properties": {
        "@id": "node/6041082647",
        "amenity": "restaurant",
        "name": "学五食堂",
        "name:zh": "学五食堂",
        "name:zh-Hans": "学五食堂",
        "name:zh-Hant": "學五食堂"
      },
      "geometry": {
        "type": "Point",
        "coordinates": [
          116.3566642,
          39.9577524
        ]
      },
      "id": "node/6041082647"
    },
    {
      "type": "Feature",
      "properties": {
        "@id": "node/6041082648",
        "amenity": "restaurant",
        "cuisine": "chinese",
        "name": "想都香",
        "name:zh": "想都香",
        "name:zh-Hans": "想都香",
        "name:zh-Hant": "想都香"
      },
      "geometry": {
        "type": "Point",
        "coordinates": [
          116.3565464,
          39.9577817
        ]
      },
      "id": "node/6041082648"
    },
    {
      "type": "Feature",
      "properties": {
        "@id": "node/6041100036",
        "amenity": "restaurant",
        "cuisine": "chinese",
        "name": "楼上楼茶餐厅",
        "name:zh": "楼上楼茶餐厅",
        "name:zh-Hans": "楼上楼茶餐厅",
        "name:zh-Hant": "樓上樓茶餐廳"
      },
      "geometry": {
        "type": "Point",
        "coordinates": [
          116.352893,
          39.961991
        ]
      },
      "id": "node/6041100036"
    },
    {
      "type": "Feature",
      "properties": {
        "@id": "node/7426396546",
        "name": "便利蜂",
        "name:zh": "便利蜂",
        "name:zh-Hans": "便利蜂",
        "name:zh-Hant": "便利蜂",
        "shop": "convenience"
      },
      "geometry": {
        "type": "Point",
        "coordinates": [
          116.349096,
          39.9633892
        ]
      },
      "id": "node/7426396546"
    },
    {
      "type": "Feature",
      "properties": {
        "@id": "node/8810354632",
        "amenity": "fountain",
        "name": "音乐喷泉",
        "name:zh": "音乐喷泉",
        "name:zh-Hans": "音乐喷泉",
        "name:zh-Hant": "音樂噴泉"
      },
      "geometry": {
        "type": "Point",
        "coordinates": [
          116.3516116,
          39.9598892
        ]
      },
      "id": "node/8810354632"
    },
    {
      "type": "Feature",
      "properties": {
        "@id": "node/11834538799",
        "amenity": "post_office",
        "brand": "京东物流",
        "brand:en": "JD Logistics",
        "brand:short": "京东",
        "brand:wikidata": "Q67936681",
        "brand:zh": "京东物流",
        "name": "京东物流",
        "name:en": "JD Logistics",
        "name:zh": "京东物流",
        "opening_hours": "Mo-Su 09:00-20:00",
        "short_name": "京东"
      },
      "geometry": {
        "type": "Point",
        "coordinates": [
          116.3522194,
          39.9635481
        ]
      },
      "id": "node/11834538799"
    },
    {
      "type": "Feature",
      "properties": {
        "@id": "node/12735976944",
        "amenity": "library",
        "name": "档案馆"
      },
      "geometry": {
        "type": "Point",
        "coordinates": [
          116.3518934,
          39.9617412
        ]
      },
      "id": "node/12735976944"
    },
    {
      "type": "Feature",
      "properties": {
        "@id": "node/12735976945",
        "amenity": "post_office",
        "brand": "顺丰速运",
        "brand:en": "SF Express",
        "brand:short": "顺丰",
        "brand:wikidata": "Q7390019",
        "brand:zh": "顺丰速运",
        "name": "顺丰快递",
        "name:en": "SF Express",
        "name:zh": "顺丰速运",
        "opening_hours": "Mo-Su 09:00-20:00"
      },
      "geometry": {
        "type": "Point",
        "coordinates": [
          116.3521277,
          39.9635479
        ]
      },
      "id": "node/12735976945"
    },
    {
      "type": "Feature",
      "properties": {
        "@id": "node/12736688328",
        "entrance": "yes",
        "leisure": "outdoor_seating"
      },
      "geometry": {
        "type": "Point",
        "coordinates": [
          116.350131,
          39.9604759
        ]
      },
      "id": "node/12736688328"
    },
    {
      "type": "Feature",
      "properties": {
        "@id": "node/12738869744",
        "amenity": "fountain"
      },
      "geometry": {
        "type": "Point",
        "coordinates": [
          116.3513885,
          39.9611201
        ]
      },
      "id": "node/12738869744"
    },
    {
      "type": "Feature",
      "properties": {
        "@id": "node/12738869764",
        "amenity": "bench"
      },
      "geometry": {
        "type": "Point",
        "coordinates": [
          116.3512782,
          39.9618481
        ]
      },
      "id": "node/12738869764"
    },
    {
      "type": "Feature",
      "properties": {
        "@id": "node/12738869765",
        "amenity": "bench"
      },
      "geometry": {
        "type": "Point",
        "coordinates": [
          116.3512819,
          39.9617949
        ]
      },
      "id": "node/12738869765"
    },
    {
      "type": "Feature",
      "properties": {
        "@id": "node/12738869766",
        "amenity": "bench"
      },
      "geometry": {
        "type": "Point",
        "coordinates": [
          116.3512856,
          39.9617308
        ]
      },
      "id": "node/12738869766"
    },
    {
      "type": "Feature",
      "properties": {
        "@id": "node/12738869768",
        "amenity": "bench"
      },
      "geometry": {
        "type": "Point",
        "coordinates": [
          116.3511356,
          39.9616379
        ]
      },
      "id": "node/12738869768"
    },
    {
      "type": "Feature",
      "properties": {
        "@id": "node/12738869774",
        "amenity": "bench"
      },
      "geometry": {
        "type": "Point",
        "coordinates": [
          116.3506078,
          39.9601755
        ]
      },
      "id": "node/12738869774"
    },
    {
      "type": "Feature",
      "properties": {
        "@id": "node/12738869775",
        "amenity": "bench"
      },
      "geometry": {
        "type": "Point",
        "coordinates": [
          116.3506786,
          39.9601219
        ]
      },
      "id": "node/12738869775"
    },
    {
      "type": "Feature",
      "properties": {
        "@id": "node/12738869776",
        "leisure": "outdoor_seating"
      },
      "geometry": {
        "type": "Point",
        "coordinates": [
          116.3496112,
          39.9595625
        ]
      },
      "id": "node/12738869776"
    },
    {
      "type": "Feature",
      "properties": {
        "@id": "node/12738869777",
        "leisure": "outdoor_seating"
      },
      "geometry": {
        "type": "Point",
        "coordinates": [
          116.349638,
          39.9596149
        ]
      },
      "id": "node/12738869777"
    },
    {
      "type": "Feature",
      "properties": {
        "@id": "node/12738869778",
        "leisure": "outdoor_seating"
      },
      "geometry": {
        "type": "Point",
        "coordinates": [
          116.3495775,
          39.9596338
        ]
      },
      "id": "node/12738869778"
    },
    {
      "type": "Feature",
      "properties": {
        "@id": "node/12741379590",
        "amenity": "post_office",
        "brand": "中国邮政",
        "brand:en": "China Post",
        "brand:wikidata": "Q1066476",
        "brand:zh": "中国邮政",
        "name": "中国邮政",
        "name:en": "China Post",
        "name:zh": "中国邮政"
      },
      "geometry": {
        "type": "Point",
        "coordinates": [
          116.3491833,
          39.9604076
        ]
      },
      "id": "node/12741379590"
    },
    {
      "type": "Feature",
      "properties": {
        "@id": "node/12741379591",
        "name": "北邮人之家",
        "shop": "yes"
      },
      "geometry": {
        "type": "Point",
        "coordinates": [
          116.3491695,
          39.9606612
        ]
      },
      "id": "node/12741379591"
    },
    {
      "type": "Feature",
      "properties": {
        "@id": "node/12745951897",
        "entrance": "yes",
        "leisure": "outdoor_seating"
      },
      "geometry": {
        "type": "Point",
        "coordinates": [
          116.3501108,
          39.960654
        ]
      },
      "id": "node/12745951897"
    },
    {
      "type": "Feature",
      "properties": {
        "@id": "node/12747381125",
        "shop": "hairdresser"
      },
      "geometry": {
        "type": "Point",
        "coordinates": [
          116.351651,
          39.9625889
        ]
      },
      "id": "node/12747381125"
    },
    {
      "type": "Feature",
      "properties": {
        "@id": "node/12747381126",
        "name": "自邮制造",
        "opening_hours": "Mo-Su 11:00-19:00",
        "shop": "yes"
      },
      "geometry": {
        "type": "Point",
        "coordinates": [
          116.3517009,
          39.9625891
        ]
      },
      "id": "node/12747381126"
    },
    {
      "type": "Feature",
      "properties": {
        "@id": "node/12747381156",
        "amenity": "prep_school",
        "name": "国际汉语培训中心"
      },
      "geometry": {
        "type": "Point",
        "coordinates": [
          116.3526384,
          39.961689
        ]
      },
      "id": "node/12747381156"
    },
    {
      "type": "Feature",
      "properties": {
        "@id": "node/12751906927",
        "amenity": "vending_machine"
      },
      "geometry": {
        "type": "Point",
        "coordinates": [
          116.353688,
          39.9599857
        ]
      },
      "id": "node/12751906927"
    },
    {
      "type": "Feature",
      "properties": {
        "@id": "node/12751906928",
        "amenity": "vending_machine"
      },
      "geometry": {
        "type": "Point",
        "coordinates": [
          116.3536483,
          39.960472
        ]
      },
      "id": "node/12751906928"
    },
    {
      "type": "Feature",
      "properties": {
        "@id": "node/12753716536",
        "amenity": "cafe",
        "brand": "瑞幸咖啡",
        "brand:en": "Luckin Coffee",
        "brand:wikidata": "Q56811344",
        "brand:zh": "瑞幸咖啡",
        "cuisine": "coffee_shop",
        "name": "瑞幸咖啡",
        "name:en": "Luckin Coffee",
        "name:zh": "瑞幸咖啡",
        "takeaway": "yes"
      },
      "geometry": {
        "type": "Point",
        "coordinates": [
          116.3517244,
          39.9623777
        ]
      },
      "id": "node/12753716536"
    },
    {
      "type": "Feature",
      "properties": {
        "@id": "node/12753716537",
        "brand": "泸溪河",
        "brand:en": "Luxihe Taosu",
        "brand:wikidata": "Q114050925",
        "brand:zh": "泸溪河",
        "cuisine": "chinese",
        "name": "泸溪河",
        "name:en": "Luxihe Taosu",
        "name:zh": "泸溪河",
        "shop": "pastry"
      },
      "geometry": {
        "type": "Point",
        "coordinates": [
          116.3518129,
          39.9623733
        ]
      },
      "id": "node/12753716537"
    },
    {
      "type": "Feature",
      "properties": {
        "@id": "node/12753716538",
        "brand": "中国移动",
        "brand:en": "China Mobile",
        "brand:wikidata": "Q741618",
        "brand:zh": "中国移动",
        "name": "中国移动",
        "name:en": "China Mobile",
        "name:zh": "中国移动",
        "shop": "telecommunication"
      },
      "geometry": {
        "type": "Point",
        "coordinates": [
          116.3514979,
          39.9623714
        ]
      },
      "id": "node/12753716538"
    },
    {
      "type": "Feature",
      "properties": {
        "@id": "node/12753720305",
        "leisure": "outdoor_seating"
      },
      "geometry": {
        "type": "Point",
        "coordinates": [
          116.3528883,
          39.9608332
        ]
      },
      "id": "node/12753720305"
    },
    {
      "type": "Feature",
      "properties": {
        "@id": "node/12753720328",
        "amenity": "fast_food",
        "cuisine": "chinese",
        "name": "虎头军煎饼"
      },
      "geometry": {
        "type": "Point",
        "coordinates": [
          116.3515996,
          39.9623403
        ]
      },
      "id": "node/12753720328"
    },
    {
      "type": "Feature",
      "properties": {
        "@id": "node/12754376612",
        "amenity": "bench"
      },
      "geometry": {
        "type": "Point",
        "coordinates": [
          116.3505418,
          39.9601742
        ]
      },
      "id": "node/12754376612"
    },
    {
      "type": "Feature",
      "properties": {
        "@id": "node/12754376613",
        "amenity": "bench"
      },
      "geometry": {
        "type": "Point",
        "coordinates": [
          116.350603,
          39.9600897
        ]
      },
      "id": "node/12754376613"
    },
    {
      "type": "Feature",
      "properties": {
        "@id": "node/12754376614",
        "amenity": "bench"
      },
      "geometry": {
        "type": "Point",
        "coordinates": [
          116.3505221,
          39.9600845
        ]
      },
      "id": "node/12754376614"
    },
    {
      "type": "Feature",
      "properties": {
        "@id": "node/12754376615",
        "leisure": "outdoor_seating"
      },
      "geometry": {
        "type": "Point",
        "coordinates": [
          116.3496321,
          39.9600969
        ]
      },
      "id": "node/12754376615"
    },
    {
      "type": "Feature",
      "properties": {
        "@id": "node/12754376616",
        "leisure": "outdoor_seating"
      },
      "geometry": {
        "type": "Point",
        "coordinates": [
          116.3495742,
          39.96013
        ]
      },
      "id": "node/12754376616"
    },
    {
      "type": "Feature",
      "properties": {
        "@id": "node/12754376617",
        "leisure": "outdoor_seating"
      },
      "geometry": {
        "type": "Point",
        "coordinates": [
          116.3495849,
          39.9600587
        ]
      },
      "id": "node/12754376617"
    },
    {
      "type": "Feature",
      "properties": {
        "@id": "node/12754376618",
        "amenity": "bench"
      },
      "geometry": {
        "type": "Point",
        "coordinates": [
          116.3506892,
          39.9595956
        ]
      },
      "id": "node/12754376618"
    },
    {
      "type": "Feature",
      "properties": {
        "@id": "node/12754376619",
        "amenity": "bench"
      },
      "geometry": {
        "type": "Point",
        "coordinates": [
          116.3505598,
          39.9596504
        ]
      },
      "id": "node/12754376619"
    },
    {
      "type": "Feature",
      "properties": {
        "@id": "node/12754376620",
        "amenity": "bench"
      },
      "geometry": {
        "type": "Point",
        "coordinates": [
          116.3504681,
          39.9596349
        ]
      },
      "id": "node/12754376620"
    },
    {
      "type": "Feature",
      "properties": {
        "@id": "node/12754376621",
        "amenity": "bench"
      },
      "geometry": {
        "type": "Point",
        "coordinates": [
          116.3506555,
          39.9613371
        ]
      },
      "id": "node/12754376621"
    },
    {
      "type": "Feature",
      "properties": {
        "@id": "node/12754376622",
        "amenity": "bench"
      },
      "geometry": {
        "type": "Point",
        "coordinates": [
          116.3506825,
          39.9612937
        ]
      },
      "id": "node/12754376622"
    },
    {
      "type": "Feature",
      "properties": {
        "@id": "node/12754376623",
        "amenity": "bench"
      },
      "geometry": {
        "type": "Point",
        "coordinates": [
          116.3506259,
          39.9612906
        ]
      },
      "id": "node/12754376623"
    },
    {
      "type": "Feature",
      "properties": {
        "@id": "node/12754376624",
        "amenity": "bench"
      },
      "geometry": {
        "type": "Point",
        "coordinates": [
          116.3499153,
          39.9612596
        ]
      },
      "id": "node/12754376624"
    },
    {
      "type": "Feature",
      "properties": {
        "@id": "node/12754376625",
        "amenity": "waste_disposal"
      },
      "geometry": {
        "type": "Point",
        "coordinates": [
          116.350131,
          39.9610033
        ]
      },
      "id": "node/12754376625"
    },
    {
      "type": "Feature",
      "properties": {
        "@id": "node/12754376626",
        "amenity": "waste_disposal"
      },
      "geometry": {
        "type": "Point",
        "coordinates": [
          116.350096,
          39.9619344
        ]
      },
      "id": "node/12754376626"
    },
    {
      "type": "Feature",
      "properties": {
        "@id": "node/12754376687",
        "brand": "中国联通",
        "brand:en": "China Unicom",
        "brand:wikidata": "Q1068485",
        "brand:zh": "中国联通",
        "name": "中国联通",
        "name:en": "China Unicom",
        "name:zh": "中国联通",
        "shop": "telecommunication"
      },
      "geometry": {
        "type": "Point",
        "coordinates": [
          116.3516058,
          39.9625929
        ]
      },
      "id": "node/12754376687"
    },
    {
      "type": "Feature",
      "properties": {
        "@id": "node/12754376689",
        "amenity": "prep_school",
        "name": "计算机学院实验中心"
      },
      "geometry": {
        "type": "Point",
        "coordinates": [
          116.3498381,
          39.9627017
        ]
      },
      "id": "node/12754376689"
    },
    {
      "type": "Feature",
      "properties": {
        "@id": "node/12756507542",
        "amenity": "vending_machine"
      },
      "geometry": {
        "type": "Point",
        "coordinates": [
          116.3532999,
          39.9597499
        ]
      },
      "id": "node/12756507542"
    },
    {
      "type": "Feature",
      "properties": {
        "@id": "node/12759050892",
        "amenity": "parking_space",
        "parking_space": "校车接送点"
      },
      "geometry": {
        "type": "Point",
        "coordinates": [
          116.349483,
          39.9587054
        ]
      },
      "id": "node/12759050892"
    },
    {
      "type": "Feature",
      "properties": {
        "@id": "node/12759050893",
        "access": "unknown",
        "amenity": "parking_entrance",
        "parking": "underground"
      },
      "geometry": {
        "type": "Point",
        "coordinates": [
          116.3495593,
          39.9588619
        ]
      },
      "id": "node/12759050893"
    },
    {
      "type": "Feature",
      "properties": {
        "@id": "node/12759050894",
        "access": "unknown",
        "amenity": "parking_entrance",
        "parking": "underground"
      },
      "geometry": {
        "type": "Point",
        "coordinates": [
          116.3506228,
          39.9588869
        ]
      },
      "id": "node/12759050894"
    },
    {
      "type": "Feature",
      "properties": {
        "@id": "node/12759050898",
        "amenity": "atm"
      },
      "geometry": {
        "type": "Point",
        "coordinates": [
          116.3527824,
          39.9628424
        ]
      },
      "id": "node/12759050898"
    },
    {
      "type": "Feature",
      "properties": {
        "@id": "node/12759213514",
        "amenity": "vending_machine"
      },
      "geometry": {
        "type": "Point",
        "coordinates": [
          116.3503771,
          39.9590505
        ]
      },
      "id": "node/12759213514"
    },
    {
      "type": "Feature",
      "properties": {
        "@id": "node/12759213515",
        "amenity": "waste_disposal"
      },
      "geometry": {
        "type": "Point",
        "coordinates": [
          116.3498251,
          39.9628563
        ]
      },
      "id": "node/12759213515"
    },
    {
      "type": "Feature",
      "properties": {
        "@id": "node/12762013140",
        "amenity": "bench"
      },
      "geometry": {
        "type": "Point",
        "coordinates": [
          116.3507012,
          39.961333
        ]
      },
      "id": "node/12762013140"
    },
    {
      "type": "Feature",
      "properties": {
        "@id": "node/12762013155",
        "shop": "laundry"
      },
      "geometry": {
        "type": "Point",
        "coordinates": [
          116.3506102,
          39.9616019
        ]
      },
      "id": "node/12762013155"
    },
    {
      "type": "Feature",
      "properties": {
        "@id": "node/12762013156",
        "shop": "laundry"
      },
      "geometry": {
        "type": "Point",
        "coordinates": [
          116.3504097,
          39.9630566
        ]
      },
      "id": "node/12762013156"
    },
    {
      "type": "Feature",
      "properties": {
        "@id": "node/12762013167",
        "amenity": "atm"
      },
      "geometry": {
        "type": "Point",
        "coordinates": [
          116.3491957,
          39.9603552
        ]
      },
      "id": "node/12762013167"
    },
    {
      "type": "Feature",
      "properties": {
        "@id": "node/12765435770",
        "fitness_station": "horizontal_bar",
        "leisure": "fitness_station",
        "sport": "fitness"
      },
      "geometry": {
        "type": "Point",
        "coordinates": [
          116.3532478,
          39.9599679
        ]
      },
      "id": "node/12765435770"
    },
    {
      "type": "Feature",
      "properties": {
        "@id": "node/12765435771",
        "fitness_station": "horizontal_bar",
        "leisure": "fitness_station",
        "sport": "fitness"
      },
      "geometry": {
        "type": "Point",
        "coordinates": [
          116.3532458,
          39.959888
        ]
      },
      "id": "node/12765435771"
    },
    {
      "type": "Feature",
      "properties": {
        "@id": "node/12771885788",
        "amenity": "waste_disposal"
      },
      "geometry": {
        "type": "Point",
        "coordinates": [
          116.3504365,
          39.9627582
        ]
      },
      "id": "node/12771885788"
    },
    {
      "type": "Feature",
      "properties": {
        "@id": "node/12771885789",
        "shop": "laundry"
      },
      "geometry": {
        "type": "Point",
        "coordinates": [
          116.3519396,
          39.9633787
        ]
      },
      "id": "node/12771885789"
    },
    {
      "type": "Feature",
      "properties": {
        "@id": "node/12797101906",
        "amenity": "bank",
        "brand": "中国邮政储蓄银行",
        "brand:en": "Postal Savings Bank of China",
        "brand:wikidata": "Q986744",
        "brand:zh": "中国邮政储蓄银行",
        "name": "中国邮政储蓄银行",
        "name:en": "Postal Savings Bank of China",
        "name:zh": "中国邮政储蓄银行"
      },
      "geometry": {
        "type": "Point",
        "coordinates": [
          116.355293,
          39.9603694
        ]
      },
      "id": "node/12797101906"
    },
    {
      "type": "Feature",
      "properties": {
        "@id": "node/12797101949",
        "amenity": "bench"
      },
      "geometry": {
        "type": "Point",
        "coordinates": [
          116.3565258,
          39.9584849
        ]
      },
      "id": "node/12797101949"
    },
    {
      "type": "Feature",
      "properties": {
        "@id": "node/12797101950",
        "amenity": "bench"
      },
      "geometry": {
        "type": "Point",
        "coordinates": [
          116.3566709,
          39.9584834
        ]
      },
      "id": "node/12797101950"
    },
    {
      "type": "Feature",
      "properties": {
        "@id": "node/12797101951",
        "amenity": "bench"
      },
      "geometry": {
        "type": "Point",
        "coordinates": [
          116.3566649,
          39.958387
        ]
      },
      "id": "node/12797101951"
    },
    {
      "type": "Feature",
      "properties": {
        "@id": "node/12797101952",
        "amenity": "bench"
      },
      "geometry": {
        "type": "Point",
        "coordinates": [
          116.3565257,
          39.9583878
        ]
      },
      "id": "node/12797101952"
    },
    {
      "type": "Feature",
      "properties": {
        "@id": "node/13384698259",
        "amenity": "exhibition_centre",
        "name": "北京邮电大学科技成果展厅"
      },
      "geometry": {
        "type": "Point",
        "coordinates": [
          116.3526175,
          39.962987
        ]
      },
      "id": "node/13384698259"
    },
    {
      "type": "Feature",
      "properties": {
        "@id": "node/13384698260",
        "leisure": "fitness_centre"
      },
      "geometry": {
        "type": "Point",
        "coordinates": [
          116.3535186,
          39.9606159
        ]
      },
      "id": "node/13384698260"
    },
    {
      "type": "Feature",
      "properties": {
        "@id": "node/13694775719",
        "leisure": "fitness_centre",
        "name": "鸿雁健身中心"
      },
      "geometry": {
        "type": "Point",
        "coordinates": [
          116.3543331,
          39.9602795
        ]
      },
      "id": "node/13694775719"
    }
  ]
}